FID_1,NL_NAME_3,FID_2
0,金山区,4
1,金山区,4
2,金山区,4
3,金山区,4
4,金山区,4
5,金山区,4
6,金山区,4
7,金山区,4
8,金山区,4
9,金山区,4
10,金山区,4
11,金山区,4
12,金山区,4
13,金山区,4
14,金山区,4
15,金山区,4
16,金山区,4
17,金山区,4
18,金山区,4
19,金山区,4
20,金山区,4
21,金山区,4
22,金山区,4
23,金山区,4
24,金山区,4
25,金山区,4
26,金山区,4
27,金山区,4
28,金山区,4
29,金山区,4
30,金山区,4
31,金山区,4
32,金山区,4
33,金山区,4
34,金山区,4
35,金山区,4
36,金山区,4
37,金山区,4
38,金山区,4
39,金山区,4
40,金山区,4
41,金山区,4
42,金山区,4
43,金山区,4
44,金山区,4
45,金山区,4
46,金山区,4
47,金山区,4
48,金山区,4
49,金山区,4
50,金山区,4
51,金山区,4
52,金山区,4
53,金山区,4
54,金山区,4
55,金山区,4
56,金山区,4
57,金山区,4
58,金山区,4
59,金山区,4
60,金山区,4
61,金山区,4
62,金山区,4
63,金山区,4
64,金山区,4
65,金山区,4
66,金山区,4
67,金山区,4
68,金山区,4
69,金山区,4
70,金山区,4
71,金山区,4
72,金山区,4
73,金山区,4
74,金山区,4
75,金山区,4
76,金山区,4
77,金山区,4
78,金山区,4
79,金山区,4
80,金山区,4
81,金山区,4
82,金山区,4
83,金山区,4
84,金山区,4
85,金山区,4
86,金山区,4
87,金山区,4
88,金山区,4
89,金山区,4
90,金山区,4
91,金山区,4
92,金山区,4
93,金山区,4
94,金山区,4
95,金山区,4
96,金山区,4
97,金山区,4
98,金山区,4
99,金山区,4
100,金山区,4
101,金山区,4
102,金山区,4
103,金山区,4
104,金山区,4
105,金山区,4
106,金山区,4
107,金山区,4
108,金山区,4
109,金山区,4
110,金山区,4
111,金山区,4
112,金山区,4
113,金山区,4
114,金山区,4
115,金山区,4
116,金山区,4
117,金山区,4
118,金山区,4
119,金山区,4
120,金山区,4
121,金山区,4
122,金山区,4
123,金山区,4
124,金山区,4
125,金山区,4
126,金山区,4
127,金山区,4
128,金山区,4
129,金山区,4
130,金山区,4
131,金山区,4
132,金山区,4
133,金山区,4
134,金山区,4
135,金山区,4
136,金山区,4
137,金山区,4
138,金山区,4
139,金山区,4
140,金山区,4
141,金山区,4
142,金山区,4
143,金山区,4
144,金山区,4
145,金山区,4
146,金山区,4
147,金山区,4
148,金山区,4
149,金山区,4
150,金山区,4
151,金山区,4
152,金山区,4
153,金山区,4
154,金山区,4
155,金山区,4
156,金山区,4
157,金山区,4
158,金山区,4
159,金山区,4
160,金山区,4
161,金山区,4
162,金山区,4
163,金山区,4
164,金山区,4
165,金山区,4
166,金山区,4
167,金山区,4
168,金山区,4
169,金山区,4
170,金山区,4
171,金山区,4
172,金山区,4
173,金山区,4
174,金山区,4
175,金山区,4
176,金山区,4
177,金山区,4
178,金山区,4
179,金山区,4
180,金山区,4
181,金山区,4
182,金山区,4
183,金山区,4
184,,0
185,,0
186,奉贤区,2
187,金山区,4
188,金山区,4
189,金山区,4
190,金山区,4
191,金山区,4
192,金山区,4
193,金山区,4
194,金山区,4
195,金山区,4
196,金山区,4
197,金山区,4
198,金山区,4
199,金山区,4
200,金山区,4
201,金山区,4
202,金山区,4
203,金山区,4
204,金山区,4
205,金山区,4
206,金山区,4
207,金山区,4
208,金山区,4
209,金山区,4
210,金山区,4
211,金山区,4
212,金山区,4
213,金山区,4
214,金山区,4
215,金山区,4
216,金山区,4
217,金山区,4
218,,0
219,奉贤区,2
220,奉贤区,2
221,奉贤区,2
222,奉贤区,2
223,金山区,4
224,金山区,4
225,金山区,4
226,金山区,4
227,金山区,4
228,金山区,4
229,金山区,4
230,金山区,4
231,金山区,4
232,金山区,4
233,金山区,4
234,金山区,4
235,金山区,4
236,金山区,4
237,金山区,4
238,金山区,4
239,金山区,4
240,金山区,4
241,金山区,4
242,金山区,4
243,金山区,4
244,金山区,4
245,金山区,4
246,金山区,4
247,金山区,4
248,金山区,4
249,金山区,4
250,金山区,4
251,金山区,4
252,金山区,4
253,,0
254,,0
255,奉贤区,2
256,奉贤区,2
257,奉贤区,2
258,奉贤区,2
259,金山区,4
260,金山区,4
261,金山区,4
262,金山区,4
263,金山区,4
264,金山区,4
265,金山区,4
266,金山区,4
267,金山区,4
268,金山区,4
269,金山区,4
270,金山区,4
271,金山区,4
272,金山区,4
273,金山区,4
274,金山区,4
275,金山区,4
276,金山区,4
277,金山区,4
278,金山区,4
279,金山区,4
280,金山区,4
281,金山区,4
282,金山区,4
283,金山区,4
284,金山区,4
285,金山区,4
286,金山区,4
287,金山区,4
288,金山区,4
289,,0
290,奉贤区,2
291,奉贤区,2
292,奉贤区,2
293,奉贤区,2
294,奉贤区,2
295,奉贤区,2
296,金山区,4
297,金山区,4
298,金山区,4
299,金山区,4
300,金山区,4
301,金山区,4
302,金山区,4
303,金山区,4
304,金山区,4
305,金山区,4
306,金山区,4
307,金山区,4
308,金山区,4
309,金山区,4
310,金山区,4
311,金山区,4
312,金山区,4
313,金山区,4
314,金山区,4
315,金山区,4
316,金山区,4
317,金山区,4
318,金山区,4
319,金山区,4
320,金山区,4
321,金山区,4
322,金山区,4
323,金山区,4
324,,0
325,,0
326,,0
327,奉贤区,2
328,奉贤区,2
329,奉贤区,2
330,奉贤区,2
331,奉贤区,2
332,奉贤区,2
333,奉贤区,2
334,奉贤区,2
335,奉贤区,2
336,金山区,4
337,金山区,4
338,金山区,4
339,金山区,4
340,金山区,4
341,金山区,4
342,金山区,4
343,金山区,4
344,金山区,4
345,金山区,4
346,金山区,4
347,金山区,4
348,金山区,4
349,金山区,4
350,金山区,4
351,金山区,4
352,金山区,4
353,金山区,4
354,金山区,4
355,金山区,4
356,金山区,4
357,金山区,4
358,金山区,4
359,金山区,4
360,金山区,4
361,金山区,4
362,金山区,4
363,金山区,4
364,金山区,4
365,金山区,4
366,金山区,4
367,金山区,4
368,,0
369,,0
370,,0
371,奉贤区,2
372,奉贤区,2
373,奉贤区,2
374,奉贤区,2
375,奉贤区,2
376,奉贤区,2
377,奉贤区,2
378,奉贤区,2
379,奉贤区,2
380,奉贤区,2
381,奉贤区,2
382,奉贤区,2
383,奉贤区,2
384,奉贤区,2
385,奉贤区,2
386,金山区,4
387,金山区,4
388,金山区,4
389,金山区,4
390,金山区,4
391,金山区,4
392,金山区,4
393,金山区,4
394,金山区,4
395,金山区,4
396,金山区,4
397,金山区,4
398,金山区,4
399,金山区,4
400,金山区,4
401,金山区,4
402,金山区,4
403,金山区,4
404,金山区,4
405,金山区,4
406,金山区,4
407,金山区,4
408,金山区,4
409,金山区,4
410,金山区,4
411,金山区,4
412,金山区,4
413,金山区,4
414,金山区,4
415,金山区,4
416,金山区,4
417,金山区,4
418,,0
419,,0
420,,0
421,奉贤区,2
422,奉贤区,2
423,奉贤区,2
424,奉贤区,2
425,奉贤区,2
426,奉贤区,2
427,奉贤区,2
428,奉贤区,2
429,奉贤区,2
430,奉贤区,2
431,奉贤区,2
432,奉贤区,2
433,奉贤区,2
434,奉贤区,2
435,奉贤区,2
436,奉贤区,2
437,奉贤区,2
438,奉贤区,2
439,奉贤区,2
440,奉贤区,2
441,金山区,4
442,金山区,4
443,金山区,4
444,金山区,4
445,金山区,4
446,金山区,4
447,金山区,4
448,金山区,4
449,金山区,4
450,金山区,4
451,金山区,4
452,金山区,4
453,金山区,4
454,金山区,4
455,金山区,4
456,金山区,4
457,金山区,4
458,金山区,4
459,金山区,4
460,金山区,4
461,金山区,4
462,金山区,4
463,金山区,4
464,金山区,4
465,金山区,4
466,金山区,4
467,金山区,4
468,金山区,4
469,金山区,4
470,金山区,4
471,金山区,4
472,金山区,4
473,金山区,4
474,金山区,4
475,金山区,4
476,,0
477,奉贤区,2
478,奉贤区,2
479,奉贤区,2
480,奉贤区,2
481,奉贤区,2
482,奉贤区,2
483,奉贤区,2
484,奉贤区,2
485,奉贤区,2
486,奉贤区,2
487,奉贤区,2
488,奉贤区,2
489,奉贤区,2
490,奉贤区,2
491,奉贤区,2
492,奉贤区,2
493,奉贤区,2
494,奉贤区,2
495,奉贤区,2
496,奉贤区,2
497,奉贤区,2
498,奉贤区,2
499,奉贤区,2
500,奉贤区,2
501,奉贤区,2
502,奉贤区,2
503,奉贤区,2
504,金山区,4
505,金山区,4
506,金山区,4
507,金山区,4
508,金山区,4
509,金山区,4
510,金山区,4
511,金山区,4
512,金山区,4
513,金山区,4
514,金山区,4
515,金山区,4
516,金山区,4
517,金山区,4
518,金山区,4
519,金山区,4
520,金山区,4
521,金山区,4
522,金山区,4
523,金山区,4
524,金山区,4
525,金山区,4
526,金山区,4
527,金山区,4
528,金山区,4
529,金山区,4
530,金山区,4
531,金山区,4
532,金山区,4
533,金山区,4
534,金山区,4
535,金山区,4
536,金山区,4
537,金山区,4
538,金山区,4
539,金山区,4
540,,0
541,,0
542,奉贤区,2
543,奉贤区,2
544,奉贤区,2
545,奉贤区,2
546,奉贤区,2
547,奉贤区,2
548,奉贤区,2
549,奉贤区,2
550,奉贤区,2
551,奉贤区,2
552,奉贤区,2
553,奉贤区,2
554,奉贤区,2
555,奉贤区,2
556,奉贤区,2
557,奉贤区,2
558,奉贤区,2
559,奉贤区,2
560,奉贤区,2
561,奉贤区,2
562,奉贤区,2
563,奉贤区,2
564,奉贤区,2
565,奉贤区,2
566,奉贤区,2
567,奉贤区,2
568,奉贤区,2
569,奉贤区,2
570,奉贤区,2
571,奉贤区,2
572,奉贤区,2
573,奉贤区,2
574,奉贤区,2
575,奉贤区,2
576,奉贤区,2
577,,0
578,浦东新区,6
579,浦东新区,6
580,浦东新区,6
581,浦东新区,6
582,浦东新区,6
583,浦东新区,6
584,浦东新区,6
585,金山区,4
586,金山区,4
587,金山区,4
588,金山区,4
589,金山区,4
590,金山区,4
591,金山区,4
592,金山区,4
593,金山区,4
594,金山区,4
595,金山区,4
596,金山区,4
597,金山区,4
598,金山区,4
599,金山区,4
600,金山区,4
601,金山区,4
602,金山区,4
603,金山区,4
604,金山区,4
605,金山区,4
606,金山区,4
607,金山区,4
608,金山区,4
609,金山区,4
610,金山区,4
611,金山区,4
612,金山区,4
613,金山区,4
614,金山区,4
615,金山区,4
616,金山区,4
617,金山区,4
618,金山区,4
619,金山区,4
620,金山区,4
621,,0
622,奉贤区,2
623,奉贤区,2
624,奉贤区,2
625,奉贤区,2
626,奉贤区,2
627,奉贤区,2
628,奉贤区,2
629,奉贤区,2
630,奉贤区,2
631,奉贤区,2
632,奉贤区,2
633,奉贤区,2
634,奉贤区,2
635,奉贤区,2
636,奉贤区,2
637,奉贤区,2
638,奉贤区,2
639,奉贤区,2
640,奉贤区,2
641,奉贤区,2
642,奉贤区,2
643,奉贤区,2
644,奉贤区,2
645,奉贤区,2
646,奉贤区,2
647,奉贤区,2
648,奉贤区,2
649,奉贤区,2
650,奉贤区,2
651,奉贤区,2
652,奉贤区,2
653,奉贤区,2
654,奉贤区,2
655,奉贤区,2
656,奉贤区,2
657,,0
658,浦东新区,6
659,浦东新区,6
660,浦东新区,6
661,浦东新区,6
662,浦东新区,6
663,浦东新区,6
664,浦东新区,6
665,浦东新区,6
666,浦东新区,6
667,浦东新区,6
668,浦东新区,6
669,浦东新区,6
670,浦东新区,6
671,浦东新区,6
672,浦东新区,6
673,金山区,4
674,金山区,4
675,金山区,4
676,金山区,4
677,金山区,4
678,金山区,4
679,金山区,4
680,金山区,4
681,金山区,4
682,金山区,4
683,金山区,4
684,金山区,4
685,金山区,4
686,金山区,4
687,金山区,4
688,金山区,4
689,金山区,4
690,金山区,4
691,金山区,4
692,金山区,4
693,金山区,4
694,金山区,4
695,金山区,4
696,金山区,4
697,金山区,4
698,金山区,4
699,金山区,4
700,金山区,4
701,金山区,4
702,金山区,4
703,金山区,4
704,金山区,4
705,金山区,4
706,金山区,4
707,金山区,4
708,金山区,4
709,,0
710,奉贤区,2
711,奉贤区,2
712,奉贤区,2
713,奉贤区,2
714,奉贤区,2
715,奉贤区,2
716,奉贤区,2
717,奉贤区,2
718,奉贤区,2
719,奉贤区,2
720,奉贤区,2
721,奉贤区,2
722,奉贤区,2
723,奉贤区,2
724,奉贤区,2
725,奉贤区,2
726,奉贤区,2
727,奉贤区,2
728,奉贤区,2
729,奉贤区,2
730,奉贤区,2
731,奉贤区,2
732,奉贤区,2
733,奉贤区,2
734,奉贤区,2
735,奉贤区,2
736,奉贤区,2
737,奉贤区,2
738,奉贤区,2
739,奉贤区,2
740,奉贤区,2
741,奉贤区,2
742,奉贤区,2
743,奉贤区,2
744,奉贤区,2
745,,0
746,浦东新区,6
747,浦东新区,6
748,浦东新区,6
749,浦东新区,6
750,浦东新区,6
751,浦东新区,6
752,浦东新区,6
753,浦东新区,6
754,浦东新区,6
755,浦东新区,6
756,浦东新区,6
757,浦东新区,6
758,浦东新区,6
759,浦东新区,6
760,浦东新区,6
761,金山区,4
762,金山区,4
763,金山区,4
764,金山区,4
765,金山区,4
766,金山区,4
767,金山区,4
768,金山区,4
769,金山区,4
770,金山区,4
771,金山区,4
772,金山区,4
773,金山区,4
774,金山区,4
775,金山区,4
776,金山区,4
777,金山区,4
778,金山区,4
779,金山区,4
780,金山区,4
781,金山区,4
782,金山区,4
783,金山区,4
784,金山区,4
785,金山区,4
786,金山区,4
787,金山区,4
788,金山区,4
789,金山区,4
790,金山区,4
791,金山区,4
792,金山区,4
793,金山区,4
794,金山区,4
795,金山区,4
796,金山区,4
797,,0
798,,0
799,奉贤区,2
800,奉贤区,2
801,奉贤区,2
802,奉贤区,2
803,奉贤区,2
804,奉贤区,2
805,奉贤区,2
806,奉贤区,2
807,奉贤区,2
808,奉贤区,2
809,奉贤区,2
810,奉贤区,2
811,奉贤区,2
812,奉贤区,2
813,奉贤区,2
814,奉贤区,2
815,奉贤区,2
816,奉贤区,2
817,奉贤区,2
818,奉贤区,2
819,奉贤区,2
820,奉贤区,2
821,奉贤区,2
822,奉贤区,2
823,奉贤区,2
824,奉贤区,2
825,奉贤区,2
826,奉贤区,2
827,奉贤区,2
828,奉贤区,2
829,奉贤区,2
830,奉贤区,2
831,奉贤区,2
832,奉贤区,2
833,奉贤区,2
834,,0
835,浦东新区,6
836,浦东新区,6
837,浦东新区,6
838,浦东新区,6
839,浦东新区,6
840,浦东新区,6
841,浦东新区,6
842,浦东新区,6
843,浦东新区,6
844,浦东新区,6
845,浦东新区,6
846,浦东新区,6
847,浦东新区,6
848,浦东新区,6
849,浦东新区,6
850,金山区,4
851,金山区,4
852,金山区,4
853,金山区,4
854,金山区,4
855,金山区,4
856,金山区,4
857,金山区,4
858,金山区,4
859,金山区,4
860,金山区,4
861,金山区,4
862,金山区,4
863,金山区,4
864,金山区,4
865,金山区,4
866,金山区,4
867,金山区,4
868,金山区,4
869,金山区,4
870,金山区,4
871,金山区,4
872,金山区,4
873,金山区,4
874,金山区,4
875,金山区,4
876,金山区,4
877,金山区,4
878,金山区,4
879,金山区,4
880,金山区,4
881,金山区,4
882,金山区,4
883,金山区,4
884,金山区,4
885,金山区,4
886,金山区,4
887,,0
888,,0
889,奉贤区,2
890,奉贤区,2
891,奉贤区,2
892,奉贤区,2
893,奉贤区,2
894,奉贤区,2
895,奉贤区,2
896,奉贤区,2
897,奉贤区,2
898,奉贤区,2
899,奉贤区,2
900,奉贤区,2
901,奉贤区,2
902,奉贤区,2
903,奉贤区,2
904,奉贤区,2
905,奉贤区,2
906,奉贤区,2
907,奉贤区,2
908,奉贤区,2
909,奉贤区,2
910,奉贤区,2
911,奉贤区,2
912,奉贤区,2
913,奉贤区,2
914,奉贤区,2
915,奉贤区,2
916,奉贤区,2
917,奉贤区,2
918,奉贤区,2
919,奉贤区,2
920,奉贤区,2
921,奉贤区,2
922,奉贤区,2
923,奉贤区,2
924,奉贤区,2
925,,0
926,,0
927,浦东新区,6
928,浦东新区,6
929,浦东新区,6
930,浦东新区,6
931,浦东新区,6
932,浦东新区,6
933,浦东新区,6
934,浦东新区,6
935,浦东新区,6
936,浦东新区,6
937,浦东新区,6
938,浦东新区,6
939,浦东新区,6
940,浦东新区,6
941,金山区,4
942,金山区,4
943,金山区,4
944,金山区,4
945,金山区,4
946,金山区,4
947,,0
948,,0
949,,0
950,,0
951,,0
952,,0
953,金山区,4
954,,0
955,,0
956,,0
957,金山区,4
958,金山区,4
959,金山区,4
960,金山区,4
961,金山区,4
962,金山区,4
963,金山区,4
964,金山区,4
965,金山区,4
966,金山区,4
967,金山区,4
968,,0
969,,0
970,,0
971,金山区,4
972,金山区,4
973,金山区,4
974,金山区,4
975,金山区,4
976,金山区,4
977,金山区,4
978,,0
979,奉贤区,2
980,奉贤区,2
981,奉贤区,2
982,奉贤区,2
983,奉贤区,2
984,奉贤区,2
985,奉贤区,2
986,奉贤区,2
987,奉贤区,2
988,奉贤区,2
989,奉贤区,2
990,奉贤区,2
991,奉贤区,2
992,奉贤区,2
993,奉贤区,2
994,奉贤区,2
995,奉贤区,2
996,奉贤区,2
997,奉贤区,2
998,奉贤区,2
999,奉贤区,2
1000,奉贤区,2
1001,奉贤区,2
1002,奉贤区,2
1003,奉贤区,2
1004,奉贤区,2
1005,奉贤区,2
1006,奉贤区,2
1007,奉贤区,2
1008,奉贤区,2
1009,奉贤区,2
1010,奉贤区,2
1011,奉贤区,2
1012,奉贤区,2
1013,奉贤区,2
1014,奉贤区,2
1015,奉贤区,2
1016,奉贤区,2
1017,,0
1018,浦东新区,6
1019,浦东新区,6
1020,浦东新区,6
1021,浦东新区,6
1022,浦东新区,6
1023,浦东新区,6
1024,浦东新区,6
1025,浦东新区,6
1026,浦东新区,6
1027,浦东新区,6
1028,浦东新区,6
1029,浦东新区,6
1030,浦东新区,6
1031,浦东新区,6
1032,金山区,4
1033,金山区,4
1034,金山区,4
1035,金山区,4
1036,,0
1037,,0
1038,松江区,10
1039,松江区,10
1040,松江区,10
1041,,0
1042,,0
1043,金山区,4
1044,,0
1045,松江区,10
1046,,0
1047,金山区,4
1048,金山区,4
1049,,0
1050,,0
1051,金山区,4
1052,金山区,4
1053,金山区,4
1054,金山区,4
1055,金山区,4
1056,金山区,4
1057,,0
1058,,0
1059,松江区,10
1060,,0
1061,金山区,4
1062,,0
1063,,0
1064,,0
1065,,0
1066,,0
1067,,0
1068,,0
1069,奉贤区,2
1070,奉贤区,2
1071,奉贤区,2
1072,奉贤区,2
1073,奉贤区,2
1074,奉贤区,2
1075,奉贤区,2
1076,奉贤区,2
1077,奉贤区,2
1078,奉贤区,2
1079,奉贤区,2
1080,奉贤区,2
1081,奉贤区,2
1082,奉贤区,2
1083,奉贤区,2
1084,奉贤区,2
1085,奉贤区,2
1086,奉贤区,2
1087,奉贤区,2
1088,奉贤区,2
1089,奉贤区,2
1090,奉贤区,2
1091,奉贤区,2
1092,奉贤区,2
1093,奉贤区,2
1094,奉贤区,2
1095,奉贤区,2
1096,奉贤区,2
1097,奉贤区,2
1098,奉贤区,2
1099,奉贤区,2
1100,奉贤区,2
1101,奉贤区,2
1102,奉贤区,2
1103,奉贤区,2
1104,奉贤区,2
1105,奉贤区,2
1106,奉贤区,2
1107,,0
1108,浦东新区,6
1109,浦东新区,6
1110,浦东新区,6
1111,浦东新区,6
1112,浦东新区,6
1113,浦东新区,6
1114,浦东新区,6
1115,浦东新区,6
1116,浦东新区,6
1117,浦东新区,6
1118,浦东新区,6
1119,浦东新区,6
1120,浦东新区,6
1121,浦东新区,6
1122,浦东新区,6
1123,金山区,4
1124,金山区,4
1125,金山区,4
1126,金山区,4
1127,,0
1128,松江区,10
1129,松江区,10
1130,松江区,10
1131,松江区,10
1132,,0
1133,金山区,4
1134,金山区,4
1135,,0
1136,松江区,10
1137,,0
1138,,0
1139,,0
1140,,0
1141,,0
1142,,0
1143,,0
1144,金山区,4
1145,,0
1146,,0
1147,,0
1148,,0
1149,松江区,10
1150,松江区,10
1151,,0
1152,,0
1153,,0
1154,松江区,10
1155,松江区,10
1156,松江区,10
1157,松江区,10
1158,,0
1159,奉贤区,2
1160,奉贤区,2
1161,奉贤区,2
1162,奉贤区,2
1163,奉贤区,2
1164,奉贤区,2
1165,奉贤区,2
1166,奉贤区,2
1167,奉贤区,2
1168,奉贤区,2
1169,奉贤区,2
1170,奉贤区,2
1171,奉贤区,2
1172,奉贤区,2
1173,奉贤区,2
1174,奉贤区,2
1175,奉贤区,2
1176,奉贤区,2
1177,奉贤区,2
1178,奉贤区,2
1179,奉贤区,2
1180,奉贤区,2
1181,奉贤区,2
1182,奉贤区,2
1183,奉贤区,2
1184,奉贤区,2
1185,奉贤区,2
1186,奉贤区,2
1187,奉贤区,2
1188,奉贤区,2
1189,奉贤区,2
1190,奉贤区,2
1191,奉贤区,2
1192,奉贤区,2
1193,奉贤区,2
1194,奉贤区,2
1195,奉贤区,2
1196,奉贤区,2
1197,奉贤区,2
1198,,0
1199,浦东新区,6
1200,浦东新区,6
1201,浦东新区,6
1202,浦东新区,6
1203,浦东新区,6
1204,浦东新区,6
1205,浦东新区,6
1206,浦东新区,6
1207,浦东新区,6
1208,浦东新区,6
1209,浦东新区,6
1210,浦东新区,6
1211,浦东新区,6
1212,浦东新区,6
1213,浦东新区,6
1214,金山区,4
1215,金山区,4
1216,金山区,4
1217,金山区,4
1218,,0
1219,松江区,10
1220,松江区,10
1221,松江区,10
1222,松江区,10
1223,,0
1224,,0
1225,,0
1226,,0
1227,松江区,10
1228,松江区,10
1229,松江区,10
1230,松江区,10
1231,松江区,10
1232,松江区,10
1233,松江区,10
1234,,0
1235,,0
1236,,0
1237,松江区,10
1238,松江区,10
1239,松江区,10
1240,松江区,10
1241,松江区,10
1242,松江区,10
1243,松江区,10
1244,松江区,10
1245,松江区,10
1246,松江区,10
1247,松江区,10
1248,松江区,10
1249,,0
1250,奉贤区,2
1251,奉贤区,2
1252,奉贤区,2
1253,奉贤区,2
1254,奉贤区,2
1255,奉贤区,2
1256,奉贤区,2
1257,奉贤区,2
1258,奉贤区,2
1259,奉贤区,2
1260,奉贤区,2
1261,奉贤区,2
1262,奉贤区,2
1263,奉贤区,2
1264,奉贤区,2
1265,奉贤区,2
1266,奉贤区,2
1267,奉贤区,2
1268,奉贤区,2
1269,奉贤区,2
1270,奉贤区,2
1271,奉贤区,2
1272,奉贤区,2
1273,奉贤区,2
1274,奉贤区,2
1275,奉贤区,2
1276,奉贤区,2
1277,奉贤区,2
1278,奉贤区,2
1279,奉贤区,2
1280,奉贤区,2
1281,奉贤区,2
1282,奉贤区,2
1283,奉贤区,2
1284,奉贤区,2
1285,奉贤区,2
1286,奉贤区,2
1287,奉贤区,2
1288,奉贤区,2
1289,,0
1290,浦东新区,6
1291,浦东新区,6
1292,浦东新区,6
1293,浦东新区,6
1294,浦东新区,6
1295,浦东新区,6
1296,浦东新区,6
1297,浦东新区,6
1298,浦东新区,6
1299,浦东新区,6
1300,浦东新区,6
1301,浦东新区,6
1302,浦东新区,6
1303,浦东新区,6
1304,浦东新区,6
1305,金山区,4
1306,金山区,4
1307,金山区,4
1308,金山区,4
1309,,0
1310,松江区,10
1311,松江区,10
1312,松江区,10
1313,松江区,10
1314,松江区,10
1315,松江区,10
1316,松江区,10
1317,松江区,10
1318,松江区,10
1319,松江区,10
1320,松江区,10
1321,松江区,10
1322,松江区,10
1323,松江区,10
1324,松江区,10
1325,松江区,10
1326,松江区,10
1327,松江区,10
1328,松江区,10
1329,松江区,10
1330,松江区,10
1331,松江区,10
1332,松江区,10
1333,松江区,10
1334,松江区,10
1335,松江区,10
1336,松江区,10
1337,松江区,10
1338,松江区,10
1339,松江区,10
1340,,0
1341,,0
1342,奉贤区,2
1343,奉贤区,2
1344,奉贤区,2
1345,奉贤区,2
1346,奉贤区,2
1347,奉贤区,2
1348,奉贤区,2
1349,奉贤区,2
1350,奉贤区,2
1351,奉贤区,2
1352,奉贤区,2
1353,奉贤区,2
1354,奉贤区,2
1355,奉贤区,2
1356,奉贤区,2
1357,奉贤区,2
1358,奉贤区,2
1359,奉贤区,2
1360,奉贤区,2
1361,奉贤区,2
1362,奉贤区,2
1363,奉贤区,2
1364,奉贤区,2
1365,奉贤区,2
1366,奉贤区,2
1367,奉贤区,2
1368,奉贤区,2
1369,奉贤区,2
1370,奉贤区,2
1371,奉贤区,2
1372,奉贤区,2
1373,奉贤区,2
1374,奉贤区,2
1375,奉贤区,2
1376,奉贤区,2
1377,奉贤区,2
1378,奉贤区,2
1379,奉贤区,2
1380,,0
1381,浦东新区,6
1382,浦东新区,6
1383,浦东新区,6
1384,浦东新区,6
1385,浦东新区,6
1386,浦东新区,6
1387,浦东新区,6
1388,浦东新区,6
1389,浦东新区,6
1390,浦东新区,6
1391,浦东新区,6
1392,浦东新区,6
1393,浦东新区,6
1394,浦东新区,6
1395,浦东新区,6
1396,金山区,4
1397,金山区,4
1398,金山区,4
1399,金山区,4
1400,,0
1401,松江区,10
1402,松江区,10
1403,松江区,10
1404,松江区,10
1405,松江区,10
1406,松江区,10
1407,松江区,10
1408,松江区,10
1409,松江区,10
1410,松江区,10
1411,松江区,10
1412,松江区,10
1413,松江区,10
1414,松江区,10
1415,松江区,10
1416,松江区,10
1417,松江区,10
1418,松江区,10
1419,松江区,10
1420,松江区,10
1421,松江区,10
1422,松江区,10
1423,松江区,10
1424,松江区,10
1425,松江区,10
1426,松江区,10
1427,松江区,10
1428,松江区,10
1429,松江区,10
1430,松江区,10
1431,松江区,10
1432,,0
1433,奉贤区,2
1434,奉贤区,2
1435,奉贤区,2
1436,奉贤区,2
1437,奉贤区,2
1438,奉贤区,2
1439,奉贤区,2
1440,奉贤区,2
1441,奉贤区,2
1442,奉贤区,2
1443,奉贤区,2
1444,奉贤区,2
1445,奉贤区,2
1446,奉贤区,2
1447,奉贤区,2
1448,奉贤区,2
1449,奉贤区,2
1450,奉贤区,2
1451,奉贤区,2
1452,奉贤区,2
1453,奉贤区,2
1454,奉贤区,2
1455,奉贤区,2
1456,奉贤区,2
1457,奉贤区,2
1458,奉贤区,2
1459,奉贤区,2
1460,奉贤区,2
1461,奉贤区,2
1462,奉贤区,2
1463,奉贤区,2
1464,奉贤区,2
1465,奉贤区,2
1466,奉贤区,2
1467,奉贤区,2
1468,奉贤区,2
1469,奉贤区,2
1470,,0
1471,,0
1472,浦东新区,6
1473,浦东新区,6
1474,浦东新区,6
1475,浦东新区,6
1476,浦东新区,6
1477,浦东新区,6
1478,浦东新区,6
1479,浦东新区,6
1480,浦东新区,6
1481,浦东新区,6
1482,浦东新区,6
1483,浦东新区,6
1484,浦东新区,6
1485,浦东新区,6
1486,浦东新区,6
1487,,0
1488,金山区,4
1489,金山区,4
1490,金山区,4
1491,,0
1492,,0
1493,,0
1494,,0
1495,,0
1496,松江区,10
1497,松江区,10
1498,松江区,10
1499,松江区,10
1500,松江区,10
1501,松江区,10
1502,松江区,10
1503,松江区,10
1504,松江区,10
1505,松江区,10
1506,松江区,10
1507,松江区,10
1508,松江区,10
1509,松江区,10
1510,松江区,10
1511,松江区,10
1512,松江区,10
1513,松江区,10
1514,松江区,10
1515,松江区,10
1516,松江区,10
1517,松江区,10
1518,松江区,10
1519,松江区,10
1520,松江区,10
1521,松江区,10
1522,松江区,10
1523,,0
1524,奉贤区,2
1525,奉贤区,2
1526,奉贤区,2
1527,奉贤区,2
1528,奉贤区,2
1529,奉贤区,2
1530,奉贤区,2
1531,奉贤区,2
1532,奉贤区,2
1533,奉贤区,2
1534,奉贤区,2
1535,奉贤区,2
1536,奉贤区,2
1537,奉贤区,2
1538,奉贤区,2
1539,奉贤区,2
1540,奉贤区,2
1541,奉贤区,2
1542,奉贤区,2
1543,奉贤区,2
1544,奉贤区,2
1545,奉贤区,2
1546,奉贤区,2
1547,奉贤区,2
1548,奉贤区,2
1549,奉贤区,2
1550,奉贤区,2
1551,奉贤区,2
1552,奉贤区,2
1553,奉贤区,2
1554,奉贤区,2
1555,奉贤区,2
1556,奉贤区,2
1557,奉贤区,2
1558,奉贤区,2
1559,奉贤区,2
1560,,0
1561,,0
1562,浦东新区,6
1563,浦东新区,6
1564,浦东新区,6
1565,浦东新区,6
1566,浦东新区,6
1567,浦东新区,6
1568,浦东新区,6
1569,浦东新区,6
1570,浦东新区,6
1571,浦东新区,6
1572,浦东新区,6
1573,浦东新区,6
1574,浦东新区,6
1575,浦东新区,6
1576,浦东新区,6
1577,浦东新区,6
1578,,0
1579,金山区,4
1580,,0
1581,,0
1582,,0
1583,青浦区,8
1584,青浦区,8
1585,青浦区,8
1586,,0
1587,,0
1588,,0
1589,松江区,10
1590,松江区,10
1591,松江区,10
1592,松江区,10
1593,松江区,10
1594,松江区,10
1595,松江区,10
1596,松江区,10
1597,松江区,10
1598,松江区,10
1599,松江区,10
1600,松江区,10
1601,松江区,10
1602,松江区,10
1603,松江区,10
1604,松江区,10
1605,松江区,10
1606,松江区,10
1607,松江区,10
1608,松江区,10
1609,松江区,10
1610,松江区,10
1611,松江区,10
1612,松江区,10
1613,,0
1614,,0
1615,奉贤区,2
1616,奉贤区,2
1617,奉贤区,2
1618,奉贤区,2
1619,奉贤区,2
1620,奉贤区,2
1621,奉贤区,2
1622,奉贤区,2
1623,奉贤区,2
1624,奉贤区,2
1625,奉贤区,2
1626,奉贤区,2
1627,奉贤区,2
1628,奉贤区,2
1629,奉贤区,2
1630,奉贤区,2
1631,奉贤区,2
1632,奉贤区,2
1633,奉贤区,2
1634,奉贤区,2
1635,奉贤区,2
1636,奉贤区,2
1637,奉贤区,2
1638,奉贤区,2
1639,奉贤区,2
1640,奉贤区,2
1641,奉贤区,2
1642,奉贤区,2
1643,奉贤区,2
1644,奉贤区,2
1645,奉贤区,2
1646,奉贤区,2
1647,奉贤区,2
1648,奉贤区,2
1649,奉贤区,2
1650,,0
1651,,0
1652,浦东新区,6
1653,浦东新区,6
1654,浦东新区,6
1655,浦东新区,6
1656,浦东新区,6
1657,浦东新区,6
1658,浦东新区,6
1659,浦东新区,6
1660,浦东新区,6
1661,浦东新区,6
1662,浦东新区,6
1663,浦东新区,6
1664,浦东新区,6
1665,浦东新区,6
1666,浦东新区,6
1667,浦东新区,6
1668,浦东新区,6
1669,,0
1670,,0
1671,,0
1672,青浦区,8
1673,青浦区,8
1674,青浦区,8
1675,青浦区,8
1676,青浦区,8
1677,青浦区,8
1678,青浦区,8
1679,,0
1680,松江区,10
1681,松江区,10
1682,松江区,10
1683,松江区,10
1684,松江区,10
1685,松江区,10
1686,松江区,10
1687,松江区,10
1688,松江区,10
1689,松江区,10
1690,松江区,10
1691,松江区,10
1692,松江区,10
1693,松江区,10
1694,松江区,10
1695,松江区,10
1696,松江区,10
1697,松江区,10
1698,松江区,10
1699,松江区,10
1700,松江区,10
1701,松江区,10
1702,,0
1703,,0
1704,,0
1705,奉贤区,2
1706,奉贤区,2
1707,奉贤区,2
1708,奉贤区,2
1709,奉贤区,2
1710,奉贤区,2
1711,奉贤区,2
1712,奉贤区,2
1713,奉贤区,2
1714,奉贤区,2
1715,奉贤区,2
1716,奉贤区,2
1717,奉贤区,2
1718,奉贤区,2
1719,奉贤区,2
1720,奉贤区,2
1721,奉贤区,2
1722,奉贤区,2
1723,奉贤区,2
1724,奉贤区,2
1725,奉贤区,2
1726,奉贤区,2
1727,奉贤区,2
1728,奉贤区,2
1729,奉贤区,2
1730,奉贤区,2
1731,奉贤区,2
1732,奉贤区,2
1733,奉贤区,2
1734,奉贤区,2
1735,奉贤区,2
1736,奉贤区,2
1737,奉贤区,2
1738,奉贤区,2
1739,,0
1740,,0
1741,,0
1742,浦东新区,6
1743,浦东新区,6
1744,浦东新区,6
1745,浦东新区,6
1746,浦东新区,6
1747,浦东新区,6
1748,浦东新区,6
1749,浦东新区,6
1750,浦东新区,6
1751,浦东新区,6
1752,浦东新区,6
1753,浦东新区,6
1754,浦东新区,6
1755,浦东新区,6
1756,浦东新区,6
1757,浦东新区,6
1758,浦东新区,6
1759,浦东新区,6
1760,青浦区,8
1761,青浦区,8
1762,青浦区,8
1763,青浦区,8
1764,青浦区,8
1765,青浦区,8
1766,青浦区,8
1767,青浦区,8
1768,青浦区,8
1769,青浦区,8
1770,,0
1771,松江区,10
1772,松江区,10
1773,松江区,10
1774,松江区,10
1775,松江区,10
1776,松江区,10
1777,松江区,10
1778,松江区,10
1779,松江区,10
1780,松江区,10
1781,松江区,10
1782,松江区,10
1783,松江区,10
1784,松江区,10
1785,松江区,10
1786,松江区,10
1787,松江区,10
1788,松江区,10
1789,松江区,10
1790,松江区,10
1791,松江区,10
1792,松江区,10
1793,,0
1794,闵行区,5
1795,,0
1796,,0
1797,,0
1798,奉贤区,2
1799,奉贤区,2
1800,奉贤区,2
1801,奉贤区,2
1802,奉贤区,2
1803,奉贤区,2
1804,奉贤区,2
1805,奉贤区,2
1806,奉贤区,2
1807,奉贤区,2
1808,奉贤区,2
1809,奉贤区,2
1810,奉贤区,2
1811,奉贤区,2
1812,奉贤区,2
1813,奉贤区,2
1814,奉贤区,2
1815,奉贤区,2
1816,奉贤区,2
1817,奉贤区,2
1818,奉贤区,2
1819,奉贤区,2
1820,奉贤区,2
1821,奉贤区,2
1822,奉贤区,2
1823,奉贤区,2
1824,奉贤区,2
1825,奉贤区,2
1826,奉贤区,2
1827,奉贤区,2
1828,奉贤区,2
1829,,0
1830,,0
1831,浦东新区,6
1832,浦东新区,6
1833,浦东新区,6
1834,浦东新区,6
1835,浦东新区,6
1836,浦东新区,6
1837,浦东新区,6
1838,浦东新区,6
1839,浦东新区,6
1840,浦东新区,6
1841,浦东新区,6
1842,浦东新区,6
1843,浦东新区,6
1844,浦东新区,6
1845,浦东新区,6
1846,浦东新区,6
1847,浦东新区,6
1848,浦东新区,6
1849,浦东新区,6
1850,青浦区,8
1851,青浦区,8
1852,青浦区,8
1853,青浦区,8
1854,青浦区,8
1855,青浦区,8
1856,青浦区,8
1857,青浦区,8
1858,青浦区,8
1859,青浦区,8
1860,,0
1861,松江区,10
1862,松江区,10
1863,松江区,10
1864,松江区,10
1865,松江区,10
1866,松江区,10
1867,松江区,10
1868,松江区,10
1869,松江区,10
1870,松江区,10
1871,松江区,10
1872,松江区,10
1873,松江区,10
1874,松江区,10
1875,松江区,10
1876,松江区,10
1877,松江区,10
1878,松江区,10
1879,松江区,10
1880,松江区,10
1881,松江区,10
1882,,0
1883,,0
1884,闵行区,5
1885,闵行区,5
1886,闵行区,5
1887,,0
1888,,0
1889,,0
1890,奉贤区,2
1891,奉贤区,2
1892,奉贤区,2
1893,奉贤区,2
1894,奉贤区,2
1895,奉贤区,2
1896,奉贤区,2
1897,奉贤区,2
1898,,0
1899,奉贤区,2
1900,奉贤区,2
1901,奉贤区,2
1902,奉贤区,2
1903,奉贤区,2
1904,奉贤区,2
1905,奉贤区,2
1906,奉贤区,2
1907,奉贤区,2
1908,奉贤区,2
1909,奉贤区,2
1910,奉贤区,2
1911,奉贤区,2
1912,奉贤区,2
1913,奉贤区,2
1914,奉贤区,2
1915,奉贤区,2
1916,奉贤区,2
1917,奉贤区,2
1918,,0
1919,,0
1920,浦东新区,6
1921,浦东新区,6
1922,浦东新区,6
1923,浦东新区,6
1924,浦东新区,6
1925,浦东新区,6
1926,浦东新区,6
1927,浦东新区,6
1928,浦东新区,6
1929,浦东新区,6
1930,浦东新区,6
1931,浦东新区,6
1932,浦东新区,6
1933,浦东新区,6
1934,浦东新区,6
1935,浦东新区,6
1936,浦东新区,6
1937,浦东新区,6
1938,浦东新区,6
1939,浦东新区,6
1940,青浦区,8
1941,青浦区,8
1942,青浦区,8
1943,青浦区,8
1944,青浦区,8
1945,青浦区,8
1946,青浦区,8
1947,青浦区,8
1948,青浦区,8
1949,,0
1950,,0
1951,松江区,10
1952,松江区,10
1953,松江区,10
1954,松江区,10
1955,松江区,10
1956,松江区,10
1957,松江区,10
1958,松江区,10
1959,松江区,10
1960,松江区,10
1961,松江区,10
1962,松江区,10
1963,松江区,10
1964,松江区,10
1965,松江区,10
1966,松江区,10
1967,松江区,10
1968,松江区,10
1969,松江区,10
1970,松江区,10
1971,,0
1972,,0
1973,闵行区,5
1974,闵行区,5
1975,闵行区,5
1976,闵行区,5
1977,闵行区,5
1978,,0
1979,,0
1980,,0
1981,,0
1982,,0
1983,,0
1984,奉贤区,2
1985,奉贤区,2
1986,,0
1987,,0
1988,,0
1989,,0
1990,,0
1991,,0
1992,,0
1993,,0
1994,,0
1995,,0
1996,奉贤区,2
1997,奉贤区,2
1998,,0
1999,,0
2000,,0
2001,,0
2002,,0
2003,,0
2004,,0
2005,,0
2006,,0
2007,,0
2008,浦东新区,6
2009,浦东新区,6
2010,浦东新区,6
2011,浦东新区,6
2012,浦东新区,6
2013,浦东新区,6
2014,浦东新区,6
2015,浦东新区,6
2016,浦东新区,6
2017,浦东新区,6
2018,浦东新区,6
2019,浦东新区,6
2020,浦东新区,6
2021,浦东新区,6
2022,浦东新区,6
2023,浦东新区,6
2024,浦东新区,6
2025,浦东新区,6
2026,浦东新区,6
2027,浦东新区,6
2028,浦东新区,6
2029,青浦区,8
2030,青浦区,8
2031,青浦区,8
2032,青浦区,8
2033,青浦区,8
2034,青浦区,8
2035,青浦区,8
2036,青浦区,8
2037,青浦区,8
2038,青浦区,8
2039,青浦区,8
2040,青浦区,8
2041,青浦区,8
2042,,0
2043,松江区,10
2044,松江区,10
2045,松江区,10
2046,松江区,10
2047,松江区,10
2048,松江区,10
2049,松江区,10
2050,松江区,10
2051,松江区,10
2052,松江区,10
2053,松江区,10
2054,松江区,10
2055,松江区,10
2056,松江区,10
2057,松江区,10
2058,松江区,10
2059,松江区,10
2060,松江区,10
2061,松江区,10
2062,松江区,10
2063,,0
2064,,0
2065,闵行区,5
2066,闵行区,5
2067,闵行区,5
2068,闵行区,5
2069,闵行区,5
2070,闵行区,5
2071,闵行区,5
2072,闵行区,5
2073,闵行区,5
2074,闵行区,5
2075,,0
2076,,0
2077,奉贤区,2
2078,,0
2079,闵行区,5
2080,闵行区,5
2081,闵行区,5
2082,闵行区,5
2083,闵行区,5
2084,闵行区,5
2085,闵行区,5
2086,闵行区,5
2087,,0
2088,,0
2089,,0
2090,,0
2091,浦东新区,6
2092,浦东新区,6
2093,浦东新区,6
2094,浦东新区,6
2095,浦东新区,6
2096,浦东新区,6
2097,浦东新区,6
2098,浦东新区,6
2099,浦东新区,6
2100,浦东新区,6
2101,浦东新区,6
2102,浦东新区,6
2103,浦东新区,6
2104,浦东新区,6
2105,浦东新区,6
2106,浦东新区,6
2107,浦东新区,6
2108,浦东新区,6
2109,浦东新区,6
2110,浦东新区,6
2111,浦东新区,6
2112,浦东新区,6
2113,浦东新区,6
2114,浦东新区,6
2115,浦东新区,6
2116,浦东新区,6
2117,浦东新区,6
2118,浦东新区,6
2119,浦东新区,6
2120,青浦区,8
2121,青浦区,8
2122,青浦区,8
2123,青浦区,8
2124,青浦区,8
2125,青浦区,8
2126,青浦区,8
2127,青浦区,8
2128,青浦区,8
2129,青浦区,8
2130,青浦区,8
2131,青浦区,8
2132,青浦区,8
2133,青浦区,8
2134,青浦区,8
2135,青浦区,8
2136,青浦区,8
2137,青浦区,8
2138,,0
2139,,0
2140,松江区,10
2141,松江区,10
2142,松江区,10
2143,松江区,10
2144,松江区,10
2145,松江区,10
2146,松江区,10
2147,松江区,10
2148,松江区,10
2149,松江区,10
2150,松江区,10
2151,松江区,10
2152,松江区,10
2153,松江区,10
2154,松江区,10
2155,松江区,10
2156,松江区,10
2157,松江区,10
2158,松江区,10
2159,松江区,10
2160,,0
2161,闵行区,5
2162,闵行区,5
2163,闵行区,5
2164,闵行区,5
2165,闵行区,5
2166,闵行区,5
2167,闵行区,5
2168,闵行区,5
2169,闵行区,5
2170,闵行区,5
2171,闵行区,5
2172,闵行区,5
2173,,0
2174,,0
2175,,0
2176,闵行区,5
2177,闵行区,5
2178,闵行区,5
2179,闵行区,5
2180,闵行区,5
2181,闵行区,5
2182,闵行区,5
2183,,0
2184,,0
2185,浦东新区,6
2186,浦东新区,6
2187,浦东新区,6
2188,浦东新区,6
2189,浦东新区,6
2190,浦东新区,6
2191,浦东新区,6
2192,浦东新区,6
2193,浦东新区,6
2194,浦东新区,6
2195,浦东新区,6
2196,浦东新区,6
2197,浦东新区,6
2198,浦东新区,6
2199,浦东新区,6
2200,浦东新区,6
2201,浦东新区,6
2202,浦东新区,6
2203,浦东新区,6
2204,浦东新区,6
2205,浦东新区,6
2206,浦东新区,6
2207,浦东新区,6
2208,浦东新区,6
2209,浦东新区,6
2210,浦东新区,6
2211,浦东新区,6
2212,浦东新区,6
2213,浦东新区,6
2214,浦东新区,6
2215,浦东新区,6
2216,浦东新区,6
2217,青浦区,8
2218,青浦区,8
2219,青浦区,8
2220,青浦区,8
2221,青浦区,8
2222,青浦区,8
2223,青浦区,8
2224,青浦区,8
2225,青浦区,8
2226,青浦区,8
2227,青浦区,8
2228,青浦区,8
2229,青浦区,8
2230,青浦区,8
2231,青浦区,8
2232,青浦区,8
2233,青浦区,8
2234,青浦区,8
2235,青浦区,8
2236,,0
2237,松江区,10
2238,松江区,10
2239,松江区,10
2240,松江区,10
2241,松江区,10
2242,松江区,10
2243,松江区,10
2244,松江区,10
2245,松江区,10
2246,松江区,10
2247,松江区,10
2248,松江区,10
2249,松江区,10
2250,松江区,10
2251,松江区,10
2252,松江区,10
2253,松江区,10
2254,松江区,10
2255,松江区,10
2256,松江区,10
2257,松江区,10
2258,,0
2259,闵行区,5
2260,闵行区,5
2261,闵行区,5
2262,闵行区,5
2263,闵行区,5
2264,闵行区,5
2265,闵行区,5
2266,闵行区,5
2267,闵行区,5
2268,闵行区,5
2269,闵行区,5
2270,闵行区,5
2271,闵行区,5
2272,闵行区,5
2273,闵行区,5
2274,闵行区,5
2275,闵行区,5
2276,闵行区,5
2277,闵行区,5
2278,闵行区,5
2279,闵行区,5
2280,,0
2281,,0
2282,浦东新区,6
2283,浦东新区,6
2284,浦东新区,6
2285,浦东新区,6
2286,浦东新区,6
2287,浦东新区,6
2288,浦东新区,6
2289,浦东新区,6
2290,浦东新区,6
2291,浦东新区,6
2292,浦东新区,6
2293,浦东新区,6
2294,浦东新区,6
2295,浦东新区,6
2296,浦东新区,6
2297,浦东新区,6
2298,浦东新区,6
2299,浦东新区,6
2300,浦东新区,6
2301,浦东新区,6
2302,浦东新区,6
2303,浦东新区,6
2304,浦东新区,6
2305,浦东新区,6
2306,浦东新区,6
2307,浦东新区,6
2308,浦东新区,6
2309,浦东新区,6
2310,浦东新区,6
2311,浦东新区,6
2312,浦东新区,6
2313,浦东新区,6
2314,青浦区,8
2315,青浦区,8
2316,青浦区,8
2317,青浦区,8
2318,青浦区,8
2319,青浦区,8
2320,青浦区,8
2321,青浦区,8
2322,青浦区,8
2323,青浦区,8
2324,青浦区,8
2325,青浦区,8
2326,青浦区,8
2327,青浦区,8
2328,青浦区,8
2329,青浦区,8
2330,青浦区,8
2331,青浦区,8
2332,,0
2333,,0
2334,松江区,10
2335,松江区,10
2336,松江区,10
2337,松江区,10
2338,松江区,10
2339,松江区,10
2340,松江区,10
2341,松江区,10
2342,松江区,10
2343,松江区,10
2344,松江区,10
2345,松江区,10
2346,松江区,10
2347,松江区,10
2348,松江区,10
2349,松江区,10
2350,松江区,10
2351,松江区,10
2352,松江区,10
2353,松江区,10
2354,松江区,10
2355,,0
2356,,0
2357,闵行区,5
2358,闵行区,5
2359,闵行区,5
2360,闵行区,5
2361,闵行区,5
2362,闵行区,5
2363,闵行区,5
2364,闵行区,5
2365,闵行区,5
2366,闵行区,5
2367,闵行区,5
2368,闵行区,5
2369,闵行区,5
2370,闵行区,5
2371,闵行区,5
2372,闵行区,5
2373,闵行区,5
2374,闵行区,5
2375,闵行区,5
2376,闵行区,5
2377,,0
2378,浦东新区,6
2379,浦东新区,6
2380,浦东新区,6
2381,浦东新区,6
2382,浦东新区,6
2383,浦东新区,6
2384,浦东新区,6
2385,浦东新区,6
2386,浦东新区,6
2387,浦东新区,6
2388,浦东新区,6
2389,浦东新区,6
2390,浦东新区,6
2391,浦东新区,6
2392,浦东新区,6
2393,浦东新区,6
2394,浦东新区,6
2395,浦东新区,6
2396,浦东新区,6
2397,浦东新区,6
2398,浦东新区,6
2399,浦东新区,6
2400,浦东新区,6
2401,浦东新区,6
2402,浦东新区,6
2403,浦东新区,6
2404,浦东新区,6
2405,浦东新区,6
2406,浦东新区,6
2407,浦东新区,6
2408,浦东新区,6
2409,浦东新区,6
2410,浦东新区,6
2411,青浦区,8
2412,青浦区,8
2413,青浦区,8
2414,青浦区,8
2415,青浦区,8
2416,青浦区,8
2417,青浦区,8
2418,青浦区,8
2419,青浦区,8
2420,青浦区,8
2421,青浦区,8
2422,青浦区,8
2423,青浦区,8
2424,青浦区,8
2425,青浦区,8
2426,青浦区,8
2427,青浦区,8
2428,青浦区,8
2429,,0
2430,松江区,10
2431,松江区,10
2432,松江区,10
2433,松江区,10
2434,松江区,10
2435,松江区,10
2436,松江区,10
2437,松江区,10
2438,松江区,10
2439,松江区,10
2440,松江区,10
2441,松江区,10
2442,松江区,10
2443,松江区,10
2444,松江区,10
2445,松江区,10
2446,松江区,10
2447,松江区,10
2448,松江区,10
2449,松江区,10
2450,松江区,10
2451,松江区,10
2452,松江区,10
2453,,0
2454,闵行区,5
2455,闵行区,5
2456,闵行区,5
2457,闵行区,5
2458,闵行区,5
2459,闵行区,5
2460,闵行区,5
2461,闵行区,5
2462,闵行区,5
2463,闵行区,5
2464,闵行区,5
2465,闵行区,5
2466,闵行区,5
2467,闵行区,5
2468,闵行区,5
2469,闵行区,5
2470,闵行区,5
2471,闵行区,5
2472,闵行区,5
2473,,0
2474,,0
2475,浦东新区,6
2476,浦东新区,6
2477,浦东新区,6
2478,浦东新区,6
2479,浦东新区,6
2480,浦东新区,6
2481,浦东新区,6
2482,浦东新区,6
2483,浦东新区,6
2484,浦东新区,6
2485,浦东新区,6
2486,浦东新区,6
2487,浦东新区,6
2488,浦东新区,6
2489,浦东新区,6
2490,浦东新区,6
2491,浦东新区,6
2492,浦东新区,6
2493,浦东新区,6
2494,浦东新区,6
2495,浦东新区,6
2496,浦东新区,6
2497,浦东新区,6
2498,浦东新区,6
2499,浦东新区,6
2500,浦东新区,6
2501,浦东新区,6
2502,浦东新区,6
2503,浦东新区,6
2504,浦东新区,6
2505,浦东新区,6
2506,浦东新区,6
2507,浦东新区,6
2508,青浦区,8
2509,青浦区,8
2510,青浦区,8
2511,青浦区,8
2512,青浦区,8
2513,青浦区,8
2514,青浦区,8
2515,青浦区,8
2516,青浦区,8
2517,青浦区,8
2518,青浦区,8
2519,青浦区,8
2520,青浦区,8
2521,青浦区,8
2522,青浦区,8
2523,青浦区,8
2524,青浦区,8
2525,青浦区,8
2526,,0
2527,,0
2528,,0
2529,,0
2530,,0
2531,松江区,10
2532,松江区,10
2533,松江区,10
2534,松江区,10
2535,松江区,10
2536,松江区,10
2537,松江区,10
2538,松江区,10
2539,松江区,10
2540,松江区,10
2541,松江区,10
2542,松江区,10
2543,松江区,10
2544,松江区,10
2545,松江区,10
2546,松江区,10
2547,松江区,10
2548,松江区,10
2549,松江区,10
2550,,0
2551,闵行区,5
2552,闵行区,5
2553,闵行区,5
2554,闵行区,5
2555,闵行区,5
2556,闵行区,5
2557,闵行区,5
2558,闵行区,5
2559,闵行区,5
2560,闵行区,5
2561,闵行区,5
2562,闵行区,5
2563,闵行区,5
2564,闵行区,5
2565,闵行区,5
2566,闵行区,5
2567,闵行区,5
2568,闵行区,5
2569,,0
2570,,0
2571,浦东新区,6
2572,浦东新区,6
2573,浦东新区,6
2574,浦东新区,6
2575,浦东新区,6
2576,浦东新区,6
2577,浦东新区,6
2578,浦东新区,6
2579,浦东新区,6
2580,浦东新区,6
2581,浦东新区,6
2582,浦东新区,6
2583,浦东新区,6
2584,浦东新区,6
2585,浦东新区,6
2586,浦东新区,6
2587,浦东新区,6
2588,浦东新区,6
2589,浦东新区,6
2590,浦东新区,6
2591,浦东新区,6
2592,浦东新区,6
2593,浦东新区,6
2594,浦东新区,6
2595,浦东新区,6
2596,浦东新区,6
2597,浦东新区,6
2598,浦东新区,6
2599,浦东新区,6
2600,浦东新区,6
2601,浦东新区,6
2602,浦东新区,6
2603,浦东新区,6
2604,青浦区,8
2605,青浦区,8
2606,青浦区,8
2607,青浦区,8
2608,青浦区,8
2609,青浦区,8
2610,青浦区,8
2611,青浦区,8
2612,青浦区,8
2613,青浦区,8
2614,青浦区,8
2615,青浦区,8
2616,青浦区,8
2617,青浦区,8
2618,青浦区,8
2619,青浦区,8
2620,青浦区,8
2621,青浦区,8
2622,,0
2623,,0
2624,青浦区,8
2625,,0
2626,,0
2627,松江区,10
2628,松江区,10
2629,松江区,10
2630,松江区,10
2631,松江区,10
2632,松江区,10
2633,松江区,10
2634,松江区,10
2635,松江区,10
2636,松江区,10
2637,松江区,10
2638,松江区,10
2639,松江区,10
2640,松江区,10
2641,松江区,10
2642,松江区,10
2643,松江区,10
2644,松江区,10
2645,松江区,10
2646,,0
2647,,0
2648,,0
2649,闵行区,5
2650,闵行区,5
2651,闵行区,5
2652,闵行区,5
2653,闵行区,5
2654,闵行区,5
2655,闵行区,5
2656,闵行区,5
2657,闵行区,5
2658,闵行区,5
2659,闵行区,5
2660,闵行区,5
2661,闵行区,5
2662,闵行区,5
2663,闵行区,5
2664,闵行区,5
2665,闵行区,5
2666,,0
2667,浦东新区,6
2668,浦东新区,6
2669,浦东新区,6
2670,浦东新区,6
2671,浦东新区,6
2672,浦东新区,6
2673,浦东新区,6
2674,浦东新区,6
2675,浦东新区,6
2676,浦东新区,6
2677,浦东新区,6
2678,浦东新区,6
2679,浦东新区,6
2680,浦东新区,6
2681,浦东新区,6
2682,浦东新区,6
2683,浦东新区,6
2684,浦东新区,6
2685,浦东新区,6
2686,浦东新区,6
2687,浦东新区,6
2688,浦东新区,6
2689,浦东新区,6
2690,浦东新区,6
2691,浦东新区,6
2692,浦东新区,6
2693,浦东新区,6
2694,浦东新区,6
2695,浦东新区,6
2696,浦东新区,6
2697,浦东新区,6
2698,浦东新区,6
2699,浦东新区,6
2700,青浦区,8
2701,青浦区,8
2702,青浦区,8
2703,青浦区,8
2704,青浦区,8
2705,青浦区,8
2706,青浦区,8
2707,青浦区,8
2708,青浦区,8
2709,青浦区,8
2710,青浦区,8
2711,青浦区,8
2712,青浦区,8
2713,青浦区,8
2714,青浦区,8
2715,青浦区,8
2716,青浦区,8
2717,青浦区,8
2718,青浦区,8
2719,青浦区,8
2720,,0
2721,,0
2722,松江区,10
2723,松江区,10
2724,松江区,10
2725,松江区,10
2726,松江区,10
2727,松江区,10
2728,松江区,10
2729,松江区,10
2730,松江区,10
2731,松江区,10
2732,松江区,10
2733,松江区,10
2734,松江区,10
2735,松江区,10
2736,松江区,10
2737,松江区,10
2738,松江区,10
2739,松江区,10
2740,松江区,10
2741,松江区,10
2742,松江区,10
2743,松江区,10
2744,,0
2745,,0
2746,闵行区,5
2747,闵行区,5
2748,闵行区,5
2749,闵行区,5
2750,闵行区,5
2751,闵行区,5
2752,闵行区,5
2753,闵行区,5
2754,闵行区,5
2755,闵行区,5
2756,闵行区,5
2757,闵行区,5
2758,闵行区,5
2759,闵行区,5
2760,闵行区,5
2761,闵行区,5
2762,,0
2763,,0
2764,浦东新区,6
2765,浦东新区,6
2766,浦东新区,6
2767,浦东新区,6
2768,浦东新区,6
2769,浦东新区,6
2770,浦东新区,6
2771,浦东新区,6
2772,浦东新区,6
2773,浦东新区,6
2774,浦东新区,6
2775,浦东新区,6
2776,浦东新区,6
2777,浦东新区,6
2778,浦东新区,6
2779,浦东新区,6
2780,浦东新区,6
2781,浦东新区,6
2782,浦东新区,6
2783,浦东新区,6
2784,浦东新区,6
2785,浦东新区,6
2786,浦东新区,6
2787,浦东新区,6
2788,浦东新区,6
2789,浦东新区,6
2790,浦东新区,6
2791,浦东新区,6
2792,浦东新区,6
2793,浦东新区,6
2794,浦东新区,6
2795,青浦区,8
2796,青浦区,8
2797,青浦区,8
2798,青浦区,8
2799,青浦区,8
2800,青浦区,8
2801,青浦区,8
2802,青浦区,8
2803,青浦区,8
2804,青浦区,8
2805,青浦区,8
2806,青浦区,8
2807,青浦区,8
2808,青浦区,8
2809,青浦区,8
2810,青浦区,8
2811,青浦区,8
2812,青浦区,8
2813,青浦区,8
2814,,0
2815,,0
2816,松江区,10
2817,松江区,10
2818,松江区,10
2819,松江区,10
2820,松江区,10
2821,松江区,10
2822,松江区,10
2823,松江区,10
2824,松江区,10
2825,松江区,10
2826,松江区,10
2827,松江区,10
2828,松江区,10
2829,松江区,10
2830,松江区,10
2831,松江区,10
2832,松江区,10
2833,松江区,10
2834,松江区,10
2835,松江区,10
2836,松江区,10
2837,松江区,10
2838,松江区,10
2839,松江区,10
2840,,0
2841,闵行区,5
2842,闵行区,5
2843,闵行区,5
2844,闵行区,5
2845,闵行区,5
2846,闵行区,5
2847,闵行区,5
2848,闵行区,5
2849,闵行区,5
2850,闵行区,5
2851,闵行区,5
2852,闵行区,5
2853,闵行区,5
2854,闵行区,5
2855,闵行区,5
2856,闵行区,5
2857,闵行区,5
2858,,0
2859,浦东新区,6
2860,浦东新区,6
2861,浦东新区,6
2862,浦东新区,6
2863,浦东新区,6
2864,浦东新区,6
2865,浦东新区,6
2866,浦东新区,6
2867,浦东新区,6
2868,浦东新区,6
2869,浦东新区,6
2870,浦东新区,6
2871,浦东新区,6
2872,浦东新区,6
2873,浦东新区,6
2874,浦东新区,6
2875,浦东新区,6
2876,浦东新区,6
2877,浦东新区,6
2878,浦东新区,6
2879,浦东新区,6
2880,浦东新区,6
2881,浦东新区,6
2882,浦东新区,6
2883,浦东新区,6
2884,浦东新区,6
2885,浦东新区,6
2886,浦东新区,6
2887,浦东新区,6
2888,浦东新区,6
2889,浦东新区,6
2890,青浦区,8
2891,青浦区,8
2892,青浦区,8
2893,青浦区,8
2894,青浦区,8
2895,青浦区,8
2896,青浦区,8
2897,青浦区,8
2898,青浦区,8
2899,青浦区,8
2900,青浦区,8
2901,青浦区,8
2902,青浦区,8
2903,青浦区,8
2904,青浦区,8
2905,青浦区,8
2906,青浦区,8
2907,青浦区,8
2908,青浦区,8
2909,青浦区,8
2910,,0
2911,松江区,10
2912,松江区,10
2913,松江区,10
2914,松江区,10
2915,,0
2916,松江区,10
2917,松江区,10
2918,松江区,10
2919,松江区,10
2920,松江区,10
2921,松江区,10
2922,松江区,10
2923,松江区,10
2924,松江区,10
2925,松江区,10
2926,松江区,10
2927,松江区,10
2928,松江区,10
2929,松江区,10
2930,松江区,10
2931,松江区,10
2932,松江区,10
2933,松江区,10
2934,松江区,10
2935,,0
2936,,0
2937,闵行区,5
2938,闵行区,5
2939,闵行区,5
2940,闵行区,5
2941,闵行区,5
2942,闵行区,5
2943,闵行区,5
2944,闵行区,5
2945,闵行区,5
2946,闵行区,5
2947,闵行区,5
2948,闵行区,5
2949,闵行区,5
2950,闵行区,5
2951,闵行区,5
2952,闵行区,5
2953,,0
2954,,0
2955,浦东新区,6
2956,浦东新区,6
2957,浦东新区,6
2958,浦东新区,6
2959,浦东新区,6
2960,浦东新区,6
2961,浦东新区,6
2962,浦东新区,6
2963,浦东新区,6
2964,浦东新区,6
2965,浦东新区,6
2966,浦东新区,6
2967,浦东新区,6
2968,浦东新区,6
2969,浦东新区,6
2970,浦东新区,6
2971,浦东新区,6
2972,浦东新区,6
2973,浦东新区,6
2974,浦东新区,6
2975,浦东新区,6
2976,浦东新区,6
2977,浦东新区,6
2978,浦东新区,6
2979,浦东新区,6
2980,浦东新区,6
2981,浦东新区,6
2982,浦东新区,6
2983,浦东新区,6
2984,浦东新区,6
2985,青浦区,8
2986,青浦区,8
2987,青浦区,8
2988,青浦区,8
2989,青浦区,8
2990,青浦区,8
2991,青浦区,8
2992,青浦区,8
2993,青浦区,8
2994,青浦区,8
2995,青浦区,8
2996,青浦区,8
2997,青浦区,8
2998,青浦区,8
2999,青浦区,8
3000,青浦区,8
3001,青浦区,8
3002,青浦区,8
3003,青浦区,8
3004,青浦区,8
3005,青浦区,8
3006,青浦区,8
3007,,0
3008,,0
3009,,0
3010,,0
3011,,0
3012,,0
3013,,0
3014,,0
3015,松江区,10
3016,松江区,10
3017,松江区,10
3018,松江区,10
3019,松江区,10
3020,松江区,10
3021,松江区,10
3022,松江区,10
3023,松江区,10
3024,松江区,10
3025,松江区,10
3026,松江区,10
3027,松江区,10
3028,松江区,10
3029,松江区,10
3030,松江区,10
3031,,0
3032,,0
3033,闵行区,5
3034,闵行区,5
3035,闵行区,5
3036,闵行区,5
3037,闵行区,5
3038,闵行区,5
3039,闵行区,5
3040,闵行区,5
3041,闵行区,5
3042,闵行区,5
3043,闵行区,5
3044,闵行区,5
3045,闵行区,5
3046,闵行区,5
3047,闵行区,5
3048,闵行区,5
3049,闵行区,5
3050,,0
3051,,0
3052,浦东新区,6
3053,浦东新区,6
3054,浦东新区,6
3055,浦东新区,6
3056,浦东新区,6
3057,浦东新区,6
3058,浦东新区,6
3059,浦东新区,6
3060,浦东新区,6
3061,浦东新区,6
3062,浦东新区,6
3063,浦东新区,6
3064,浦东新区,6
3065,浦东新区,6
3066,浦东新区,6
3067,浦东新区,6
3068,浦东新区,6
3069,浦东新区,6
3070,浦东新区,6
3071,浦东新区,6
3072,浦东新区,6
3073,浦东新区,6
3074,浦东新区,6
3075,浦东新区,6
3076,浦东新区,6
3077,浦东新区,6
3078,浦东新区,6
3079,浦东新区,6
3080,浦东新区,6
3081,浦东新区,6
3082,青浦区,8
3083,青浦区,8
3084,青浦区,8
3085,青浦区,8
3086,青浦区,8
3087,青浦区,8
3088,青浦区,8
3089,青浦区,8
3090,青浦区,8
3091,青浦区,8
3092,青浦区,8
3093,青浦区,8
3094,青浦区,8
3095,青浦区,8
3096,青浦区,8
3097,青浦区,8
3098,青浦区,8
3099,青浦区,8
3100,青浦区,8
3101,青浦区,8
3102,青浦区,8
3103,青浦区,8
3104,青浦区,8
3105,,0
3106,,0
3107,青浦区,8
3108,青浦区,8
3109,青浦区,8
3110,青浦区,8
3111,,0
3112,松江区,10
3113,松江区,10
3114,松江区,10
3115,松江区,10
3116,松江区,10
3117,松江区,10
3118,松江区,10
3119,松江区,10
3120,松江区,10
3121,松江区,10
3122,松江区,10
3123,松江区,10
3124,松江区,10
3125,松江区,10
3126,松江区,10
3127,松江区,10
3128,,0
3129,闵行区,5
3130,闵行区,5
3131,闵行区,5
3132,闵行区,5
3133,闵行区,5
3134,闵行区,5
3135,闵行区,5
3136,闵行区,5
3137,闵行区,5
3138,闵行区,5
3139,闵行区,5
3140,闵行区,5
3141,闵行区,5
3142,闵行区,5
3143,闵行区,5
3144,闵行区,5
3145,闵行区,5
3146,闵行区,5
3147,,0
3148,浦东新区,6
3149,浦东新区,6
3150,浦东新区,6
3151,浦东新区,6
3152,浦东新区,6
3153,浦东新区,6
3154,浦东新区,6
3155,浦东新区,6
3156,浦东新区,6
3157,浦东新区,6
3158,浦东新区,6
3159,浦东新区,6
3160,浦东新区,6
3161,浦东新区,6
3162,浦东新区,6
3163,浦东新区,6
3164,浦东新区,6
3165,浦东新区,6
3166,浦东新区,6
3167,浦东新区,6
3168,浦东新区,6
3169,浦东新区,6
3170,浦东新区,6
3171,浦东新区,6
3172,浦东新区,6
3173,浦东新区,6
3174,浦东新区,6
3175,浦东新区,6
3176,浦东新区,6
3177,浦东新区,6
3178,青浦区,8
3179,青浦区,8
3180,青浦区,8
3181,青浦区,8
3182,青浦区,8
3183,青浦区,8
3184,青浦区,8
3185,青浦区,8
3186,青浦区,8
3187,青浦区,8
3188,青浦区,8
3189,青浦区,8
3190,青浦区,8
3191,青浦区,8
3192,青浦区,8
3193,青浦区,8
3194,青浦区,8
3195,青浦区,8
3196,青浦区,8
3197,青浦区,8
3198,青浦区,8
3199,青浦区,8
3200,青浦区,8
3201,青浦区,8
3202,青浦区,8
3203,青浦区,8
3204,青浦区,8
3205,青浦区,8
3206,青浦区,8
3207,,0
3208,,0
3209,松江区,10
3210,松江区,10
3211,松江区,10
3212,松江区,10
3213,松江区,10
3214,松江区,10
3215,松江区,10
3216,松江区,10
3217,松江区,10
3218,松江区,10
3219,松江区,10
3220,松江区,10
3221,松江区,10
3222,松江区,10
3223,,0
3224,,0
3225,闵行区,5
3226,闵行区,5
3227,闵行区,5
3228,闵行区,5
3229,闵行区,5
3230,闵行区,5
3231,闵行区,5
3232,闵行区,5
3233,闵行区,5
3234,闵行区,5
3235,闵行区,5
3236,闵行区,5
3237,闵行区,5
3238,闵行区,5
3239,闵行区,5
3240,闵行区,5
3241,闵行区,5
3242,,0
3243,,0
3244,浦东新区,6
3245,浦东新区,6
3246,浦东新区,6
3247,浦东新区,6
3248,浦东新区,6
3249,浦东新区,6
3250,浦东新区,6
3251,浦东新区,6
3252,浦东新区,6
3253,浦东新区,6
3254,浦东新区,6
3255,浦东新区,6
3256,浦东新区,6
3257,浦东新区,6
3258,浦东新区,6
3259,浦东新区,6
3260,浦东新区,6
3261,浦东新区,6
3262,浦东新区,6
3263,浦东新区,6
3264,浦东新区,6
3265,浦东新区,6
3266,浦东新区,6
3267,浦东新区,6
3268,浦东新区,6
3269,浦东新区,6
3270,浦东新区,6
3271,浦东新区,6
3272,浦东新区,6
3273,浦东新区,6
3274,青浦区,8
3275,青浦区,8
3276,青浦区,8
3277,青浦区,8
3278,青浦区,8
3279,青浦区,8
3280,青浦区,8
3281,青浦区,8
3282,青浦区,8
3283,青浦区,8
3284,青浦区,8
3285,青浦区,8
3286,青浦区,8
3287,青浦区,8
3288,青浦区,8
3289,青浦区,8
3290,青浦区,8
3291,青浦区,8
3292,青浦区,8
3293,青浦区,8
3294,青浦区,8
3295,青浦区,8
3296,青浦区,8
3297,青浦区,8
3298,青浦区,8
3299,青浦区,8
3300,青浦区,8
3301,青浦区,8
3302,青浦区,8
3303,,0
3304,松江区,10
3305,松江区,10
3306,松江区,10
3307,松江区,10
3308,松江区,10
3309,松江区,10
3310,松江区,10
3311,松江区,10
3312,松江区,10
3313,松江区,10
3314,松江区,10
3315,松江区,10
3316,松江区,10
3317,松江区,10
3318,,0
3319,闵行区,5
3320,闵行区,5
3321,闵行区,5
3322,闵行区,5
3323,闵行区,5
3324,闵行区,5
3325,闵行区,5
3326,闵行区,5
3327,闵行区,5
3328,闵行区,5
3329,闵行区,5
3330,闵行区,5
3331,闵行区,5
3332,闵行区,5
3333,闵行区,5
3334,闵行区,5
3335,闵行区,5
3336,闵行区,5
3337,,0
3338,浦东新区,6
3339,浦东新区,6
3340,浦东新区,6
3341,浦东新区,6
3342,浦东新区,6
3343,浦东新区,6
3344,浦东新区,6
3345,浦东新区,6
3346,浦东新区,6
3347,浦东新区,6
3348,浦东新区,6
3349,浦东新区,6
3350,浦东新区,6
3351,浦东新区,6
3352,浦东新区,6
3353,浦东新区,6
3354,,0
3355,,0
3356,,0
3357,,0
3358,,0
3359,浦东新区,6
3360,浦东新区,6
3361,浦东新区,6
3362,浦东新区,6
3363,浦东新区,6
3364,浦东新区,6
3365,浦东新区,6
3366,浦东新区,6
3367,浦东新区,6
3368,浦东新区,6
3369,青浦区,8
3370,青浦区,8
3371,青浦区,8
3372,青浦区,8
3373,青浦区,8
3374,青浦区,8
3375,青浦区,8
3376,青浦区,8
3377,青浦区,8
3378,青浦区,8
3379,青浦区,8
3380,青浦区,8
3381,青浦区,8
3382,青浦区,8
3383,青浦区,8
3384,青浦区,8
3385,青浦区,8
3386,青浦区,8
3387,青浦区,8
3388,青浦区,8
3389,青浦区,8
3390,青浦区,8
3391,青浦区,8
3392,青浦区,8
3393,青浦区,8
3394,青浦区,8
3395,青浦区,8
3396,青浦区,8
3397,青浦区,8
3398,,0
3399,,0
3400,,0
3401,,0
3402,,0
3403,,0
3404,,0
3405,,0
3406,,0
3407,,0
3408,松江区,10
3409,松江区,10
3410,松江区,10
3411,松江区,10
3412,,0
3413,,0
3414,闵行区,5
3415,闵行区,5
3416,闵行区,5
3417,闵行区,5
3418,闵行区,5
3419,闵行区,5
3420,闵行区,5
3421,闵行区,5
3422,闵行区,5
3423,闵行区,5
3424,闵行区,5
3425,闵行区,5
3426,闵行区,5
3427,闵行区,5
3428,闵行区,5
3429,闵行区,5
3430,闵行区,5
3431,,0
3432,,0
3433,浦东新区,6
3434,浦东新区,6
3435,浦东新区,6
3436,浦东新区,6
3437,浦东新区,6
3438,浦东新区,6
3439,浦东新区,6
3440,浦东新区,6
3441,浦东新区,6
3442,,0
3443,,0
3444,,0
3445,,0
3446,浦东新区,6
3447,浦东新区,6
3448,,0
3449,,0
3450,浦东新区,7
3451,浦东新区,7
3452,浦东新区,7
3453,,0
3454,,0
3455,,0
3456,浦东新区,6
3457,浦东新区,6
3458,浦东新区,6
3459,浦东新区,6
3460,,0
3461,,0
3462,,0
3463,浦东新区,6
3464,青浦区,8
3465,青浦区,8
3466,青浦区,8
3467,青浦区,8
3468,青浦区,8
3469,青浦区,8
3470,青浦区,8
3471,青浦区,8
3472,青浦区,8
3473,青浦区,8
3474,青浦区,8
3475,青浦区,8
3476,青浦区,8
3477,青浦区,8
3478,青浦区,8
3479,青浦区,8
3480,青浦区,8
3481,青浦区,8
3482,青浦区,8
3483,青浦区,8
3484,青浦区,8
3485,青浦区,8
3486,青浦区,8
3487,青浦区,8
3488,青浦区,8
3489,青浦区,8
3490,,0
3491,,0
3492,松江区,10
3493,松江区,10
3494,,0
3495,,0
3496,闵行区,5
3497,闵行区,5
3498,闵行区,5
3499,闵行区,5
3500,闵行区,5
3501,闵行区,5
3502,闵行区,5
3503,闵行区,5
3504,闵行区,5
3505,闵行区,5
3506,闵行区,5
3507,闵行区,5
3508,闵行区,5
3509,闵行区,5
3510,闵行区,5
3511,闵行区,5
3512,闵行区,5
3513,闵行区,5
3514,闵行区,5
3515,,0
3516,,0
3517,浦东新区,6
3518,浦东新区,6
3519,浦东新区,6
3520,浦东新区,6
3521,浦东新区,6
3522,浦东新区,6
3523,浦东新区,6
3524,浦东新区,6
3525,,0
3526,浦东新区,7
3527,浦东新区,7
3528,,0
3529,,0
3530,,0
3531,,0
3532,浦东新区,7
3533,浦东新区,7
3534,浦东新区,7
3535,浦东新区,7
3536,浦东新区,7
3537,浦东新区,7
3538,,0
3539,,0
3540,,0
3541,,0
3542,,0
3543,,0
3544,浦东新区,7
3545,浦东新区,7
3546,青浦区,8
3547,青浦区,8
3548,青浦区,8
3549,青浦区,8
3550,青浦区,8
3551,青浦区,8
3552,青浦区,8
3553,青浦区,8
3554,青浦区,8
3555,青浦区,8
3556,青浦区,8
3557,青浦区,8
3558,青浦区,8
3559,青浦区,8
3560,青浦区,8
3561,青浦区,8
3562,青浦区,8
3563,青浦区,8
3564,青浦区,8
3565,青浦区,8
3566,青浦区,8
3567,青浦区,8
3568,青浦区,8
3569,,0
3570,,0
3571,,0
3572,,0
3573,闵行区,5
3574,闵行区,5
3575,闵行区,5
3576,闵行区,5
3577,闵行区,5
3578,闵行区,5
3579,闵行区,5
3580,闵行区,5
3581,闵行区,5
3582,闵行区,5
3583,闵行区,5
3584,闵行区,5
3585,闵行区,5
3586,闵行区,5
3587,,0
3588,,0
3589,,0
3590,,0
3591,闵行区,5
3592,闵行区,5
3593,闵行区,5
3594,,0
3595,,0
3596,,0
3597,,0
3598,,0
3599,,0
3600,,0
3601,浦东新区,6
3602,,0
3603,,0
3604,浦东新区,7
3605,浦东新区,7
3606,浦东新区,7
3607,,0
3608,,0
3609,浦东新区,7
3610,浦东新区,7
3611,浦东新区,7
3612,浦东新区,7
3613,浦东新区,7
3614,浦东新区,7
3615,浦东新区,7
3616,浦东新区,7
3617,浦东新区,7
3618,浦东新区,7
3619,浦东新区,7
3620,浦东新区,7
3621,浦东新区,7
3622,浦东新区,7
3623,青浦区,8
3624,青浦区,8
3625,青浦区,8
3626,青浦区,8
3627,青浦区,8
3628,青浦区,8
3629,青浦区,8
3630,青浦区,8
3631,青浦区,8
3632,青浦区,8
3633,青浦区,8
3634,青浦区,8
3635,青浦区,8
3636,青浦区,8
3637,青浦区,8
3638,青浦区,8
3639,青浦区,8
3640,青浦区,8
3641,青浦区,8
3642,青浦区,8
3643,青浦区,8
3644,青浦区,8
3645,青浦区,8
3646,青浦区,8
3647,,0
3648,,0
3649,闵行区,5
3650,闵行区,5
3651,闵行区,5
3652,闵行区,5
3653,闵行区,5
3654,闵行区,5
3655,闵行区,5
3656,闵行区,5
3657,闵行区,5
3658,闵行区,5
3659,闵行区,5
3660,闵行区,5
3661,闵行区,5
3662,闵行区,5
3663,,0
3664,浦东新区,7
3665,浦东新区,7
3666,,0
3667,,0
3668,,0
3669,,0
3670,,0
3671,浦东新区,7
3672,浦东新区,7
3673,浦东新区,7
3674,浦东新区,7
3675,浦东新区,7
3676,,0
3677,,0
3678,,0
3679,浦东新区,7
3680,浦东新区,7
3681,浦东新区,7
3682,浦东新区,7
3683,浦东新区,7
3684,浦东新区,7
3685,浦东新区,7
3686,浦东新区,7
3687,浦东新区,7
3688,浦东新区,7
3689,浦东新区,7
3690,浦东新区,7
3691,浦东新区,7
3692,浦东新区,7
3693,浦东新区,7
3694,浦东新区,7
3695,浦东新区,7
3696,浦东新区,7
3697,浦东新区,7
3698,青浦区,8
3699,青浦区,8
3700,青浦区,8
3701,青浦区,8
3702,青浦区,8
3703,青浦区,8
3704,青浦区,8
3705,青浦区,8
3706,青浦区,8
3707,青浦区,8
3708,青浦区,8
3709,青浦区,8
3710,青浦区,8
3711,青浦区,8
3712,青浦区,8
3713,青浦区,8
3714,青浦区,8
3715,青浦区,8
3716,青浦区,8
3717,青浦区,8
3718,青浦区,8
3719,青浦区,8
3720,青浦区,8
3721,,0
3722,闵行区,5
3723,闵行区,5
3724,闵行区,5
3725,闵行区,5
3726,闵行区,5
3727,闵行区,5
3728,闵行区,5
3729,闵行区,5
3730,闵行区,5
3731,闵行区,5
3732,闵行区,5
3733,闵行区,5
3734,闵行区,5
3735,闵行区,5
3736,闵行区,5
3737,,0
3738,浦东新区,7
3739,浦东新区,7
3740,浦东新区,7
3741,浦东新区,7
3742,浦东新区,7
3743,浦东新区,7
3744,浦东新区,7
3745,浦东新区,7
3746,浦东新区,7
3747,浦东新区,7
3748,浦东新区,7
3749,浦东新区,7
3750,浦东新区,7
3751,浦东新区,7
3752,浦东新区,7
3753,浦东新区,7
3754,浦东新区,7
3755,浦东新区,7
3756,浦东新区,7
3757,浦东新区,7
3758,浦东新区,7
3759,浦东新区,7
3760,浦东新区,7
3761,浦东新区,7
3762,浦东新区,7
3763,浦东新区,7
3764,浦东新区,7
3765,浦东新区,7
3766,浦东新区,7
3767,浦东新区,7
3768,浦东新区,7
3769,浦东新区,7
3770,浦东新区,7
3771,青浦区,8
3772,青浦区,8
3773,青浦区,8
3774,青浦区,8
3775,青浦区,8
3776,青浦区,8
3777,青浦区,8
3778,青浦区,8
3779,青浦区,8
3780,青浦区,8
3781,青浦区,8
3782,青浦区,8
3783,青浦区,8
3784,青浦区,8
3785,青浦区,8
3786,青浦区,8
3787,青浦区,8
3788,青浦区,8
3789,青浦区,8
3790,青浦区,8
3791,青浦区,8
3792,青浦区,8
3793,青浦区,8
3794,,0
3795,闵行区,5
3796,闵行区,5
3797,闵行区,5
3798,闵行区,5
3799,闵行区,5
3800,闵行区,5
3801,闵行区,5
3802,闵行区,5
3803,闵行区,5
3804,闵行区,5
3805,闵行区,5
3806,,0
3807,,0
3808,,0
3809,,0
3810,,0
3811,,0
3812,浦东新区,7
3813,浦东新区,7
3814,浦东新区,7
3815,浦东新区,7
3816,浦东新区,7
3817,浦东新区,7
3818,浦东新区,7
3819,浦东新区,7
3820,浦东新区,7
3821,浦东新区,7
3822,浦东新区,7
3823,浦东新区,7
3824,浦东新区,7
3825,浦东新区,7
3826,浦东新区,7
3827,浦东新区,7
3828,浦东新区,7
3829,浦东新区,7
3830,浦东新区,7
3831,浦东新区,7
3832,浦东新区,7
3833,浦东新区,7
3834,浦东新区,7
3835,浦东新区,7
3836,浦东新区,7
3837,浦东新区,7
3838,浦东新区,7
3839,浦东新区,7
3840,浦东新区,7
3841,浦东新区,7
3842,浦东新区,7
3843,浦东新区,7
3844,青浦区,8
3845,青浦区,8
3846,青浦区,8
3847,青浦区,8
3848,青浦区,8
3849,青浦区,8
3850,青浦区,8
3851,青浦区,8
3852,青浦区,8
3853,青浦区,8
3854,青浦区,8
3855,青浦区,8
3856,青浦区,8
3857,青浦区,8
3858,青浦区,8
3859,青浦区,8
3860,青浦区,8
3861,青浦区,8
3862,青浦区,8
3863,青浦区,8
3864,青浦区,8
3865,青浦区,8
3866,,0
3867,,0
3868,闵行区,5
3869,闵行区,5
3870,闵行区,5
3871,闵行区,5
3872,闵行区,5
3873,闵行区,5
3874,闵行区,5
3875,闵行区,5
3876,闵行区,5
3877,闵行区,5
3878,,0
3879,,0
3880,上海中心城区,9
3881,上海中心城区,9
3882,上海中心城区,9
3883,上海中心城区,9
3884,,0
3885,,0
3886,浦东新区,7
3887,浦东新区,7
3888,浦东新区,7
3889,浦东新区,7
3890,浦东新区,7
3891,浦东新区,7
3892,浦东新区,7
3893,浦东新区,7
3894,浦东新区,7
3895,浦东新区,7
3896,浦东新区,7
3897,浦东新区,7
3898,浦东新区,7
3899,浦东新区,7
3900,浦东新区,7
3901,浦东新区,7
3902,浦东新区,7
3903,浦东新区,7
3904,浦东新区,7
3905,浦东新区,7
3906,浦东新区,7
3907,浦东新区,7
3908,浦东新区,7
3909,浦东新区,7
3910,浦东新区,7
3911,浦东新区,7
3912,浦东新区,7
3913,浦东新区,7
3914,浦东新区,7
3915,浦东新区,7
3916,青浦区,8
3917,青浦区,8
3918,青浦区,8
3919,青浦区,8
3920,青浦区,8
3921,青浦区,8
3922,青浦区,8
3923,青浦区,8
3924,青浦区,8
3925,青浦区,8
3926,青浦区,8
3927,青浦区,8
3928,青浦区,8
3929,青浦区,8
3930,青浦区,8
3931,青浦区,8
3932,青浦区,8
3933,青浦区,8
3934,青浦区,8
3935,,0
3936,,0
3937,,0
3938,,0
3939,闵行区,5
3940,闵行区,5
3941,闵行区,5
3942,闵行区,5
3943,闵行区,5
3944,闵行区,5
3945,闵行区,5
3946,闵行区,5
3947,,0
3948,,0
3949,,0
3950,,0
3951,上海中心城区,9
3952,上海中心城区,9
3953,上海中心城区,9
3954,上海中心城区,9
3955,上海中心城区,9
3956,上海中心城区,9
3957,,0
3958,,0
3959,浦东新区,7
3960,浦东新区,7
3961,浦东新区,7
3962,浦东新区,7
3963,浦东新区,7
3964,浦东新区,7
3965,浦东新区,7
3966,浦东新区,7
3967,浦东新区,7
3968,浦东新区,7
3969,浦东新区,7
3970,浦东新区,7
3971,浦东新区,7
3972,浦东新区,7
3973,浦东新区,7
3974,浦东新区,7
3975,浦东新区,7
3976,浦东新区,7
3977,浦东新区,7
3978,浦东新区,7
3979,浦东新区,7
3980,浦东新区,7
3981,浦东新区,7
3982,浦东新区,7
3983,浦东新区,7
3984,浦东新区,7
3985,浦东新区,7
3986,浦东新区,7
3987,青浦区,8
3988,青浦区,8
3989,青浦区,8
3990,青浦区,8
3991,青浦区,8
3992,青浦区,8
3993,青浦区,8
3994,青浦区,8
3995,青浦区,8
3996,青浦区,8
3997,青浦区,8
3998,青浦区,8
3999,青浦区,8
4000,青浦区,8
4001,青浦区,8
4002,青浦区,8
4003,青浦区,8
4004,青浦区,8
4005,,0
4006,,0
4007,闵行区,5
4008,闵行区,5
4009,闵行区,5
4010,闵行区,5
4011,闵行区,5
4012,闵行区,5
4013,闵行区,5
4014,闵行区,5
4015,闵行区,5
4016,,0
4017,,0
4018,,0
4019,上海中心城区,9
4020,上海中心城区,9
4021,上海中心城区,9
4022,上海中心城区,9
4023,上海中心城区,9
4024,上海中心城区,9
4025,上海中心城区,9
4026,上海中心城区,9
4027,上海中心城区,9
4028,上海中心城区,9
4029,,0
4030,浦东新区,7
4031,浦东新区,7
4032,浦东新区,7
4033,浦东新区,7
4034,浦东新区,7
4035,浦东新区,7
4036,浦东新区,7
4037,浦东新区,7
4038,浦东新区,7
4039,浦东新区,7
4040,浦东新区,7
4041,浦东新区,7
4042,浦东新区,7
4043,浦东新区,7
4044,浦东新区,7
4045,浦东新区,7
4046,浦东新区,7
4047,浦东新区,7
4048,浦东新区,7
4049,浦东新区,7
4050,浦东新区,7
4051,浦东新区,7
4052,浦东新区,7
4053,浦东新区,7
4054,浦东新区,7
4055,浦东新区,7
4056,浦东新区,7
4057,青浦区,8
4058,青浦区,8
4059,青浦区,8
4060,青浦区,8
4061,青浦区,8
4062,青浦区,8
4063,青浦区,8
4064,青浦区,8
4065,青浦区,8
4066,青浦区,8
4067,青浦区,8
4068,青浦区,8
4069,青浦区,8
4070,青浦区,8
4071,青浦区,8
4072,青浦区,8
4073,青浦区,8
4074,青浦区,8
4075,,0
4076,闵行区,5
4077,闵行区,5
4078,闵行区,5
4079,闵行区,5
4080,闵行区,5
4081,闵行区,5
4082,闵行区,5
4083,闵行区,5
4084,闵行区,5
4085,,0
4086,,0
4087,上海中心城区,9
4088,上海中心城区,9
4089,上海中心城区,9
4090,上海中心城区,9
4091,上海中心城区,9
4092,上海中心城区,9
4093,上海中心城区,9
4094,上海中心城区,9
4095,上海中心城区,9
4096,上海中心城区,9
4097,上海中心城区,9
4098,上海中心城区,9
4099,,0
4100,,0
4101,浦东新区,7
4102,浦东新区,7
4103,浦东新区,7
4104,浦东新区,7
4105,浦东新区,7
4106,浦东新区,7
4107,浦东新区,7
4108,浦东新区,7
4109,浦东新区,7
4110,浦东新区,7
4111,浦东新区,7
4112,浦东新区,7
4113,浦东新区,7
4114,浦东新区,7
4115,浦东新区,7
4116,浦东新区,7
4117,浦东新区,7
4118,浦东新区,7
4119,浦东新区,7
4120,浦东新区,7
4121,浦东新区,7
4122,浦东新区,7
4123,浦东新区,7
4124,浦东新区,7
4125,浦东新区,7
4126,浦东新区,7
4127,青浦区,8
4128,青浦区,8
4129,青浦区,8
4130,青浦区,8
4131,青浦区,8
4132,青浦区,8
4133,青浦区,8
4134,青浦区,8
4135,青浦区,8
4136,青浦区,8
4137,青浦区,8
4138,青浦区,8
4139,青浦区,8
4140,青浦区,8
4141,青浦区,8
4142,青浦区,8
4143,青浦区,8
4144,青浦区,8
4145,,0
4146,闵行区,5
4147,闵行区,5
4148,闵行区,5
4149,闵行区,5
4150,闵行区,5
4151,,0
4152,,0
4153,,0
4154,,0
4155,,0
4156,,0
4157,上海中心城区,9
4158,上海中心城区,9
4159,上海中心城区,9
4160,上海中心城区,9
4161,上海中心城区,9
4162,上海中心城区,9
4163,上海中心城区,9
4164,上海中心城区,9
4165,上海中心城区,9
4166,上海中心城区,9
4167,上海中心城区,9
4168,上海中心城区,9
4169,,0
4170,浦东新区,7
4171,浦东新区,7
4172,浦东新区,7
4173,浦东新区,7
4174,浦东新区,7
4175,浦东新区,7
4176,浦东新区,7
4177,浦东新区,7
4178,浦东新区,7
4179,浦东新区,7
4180,浦东新区,7
4181,浦东新区,7
4182,浦东新区,7
4183,浦东新区,7
4184,浦东新区,7
4185,浦东新区,7
4186,浦东新区,7
4187,浦东新区,7
4188,浦东新区,7
4189,浦东新区,7
4190,浦东新区,7
4191,浦东新区,7
4192,浦东新区,7
4193,浦东新区,7
4194,浦东新区,7
4195,浦东新区,7
4196,青浦区,8
4197,青浦区,8
4198,青浦区,8
4199,青浦区,8
4200,青浦区,8
4201,青浦区,8
4202,青浦区,8
4203,青浦区,8
4204,青浦区,8
4205,青浦区,8
4206,青浦区,8
4207,青浦区,8
4208,青浦区,8
4209,青浦区,8
4210,青浦区,8
4211,青浦区,8
4212,青浦区,8
4213,青浦区,8
4214,青浦区,8
4215,,0
4216,闵行区,5
4217,闵行区,5
4218,闵行区,5
4219,,0
4220,,0
4221,,0
4222,嘉定区,3
4223,嘉定区,3
4224,嘉定区,3
4225,嘉定区,3
4226,,0
4227,,0
4228,,0
4229,上海中心城区,9
4230,上海中心城区,9
4231,上海中心城区,9
4232,上海中心城区,9
4233,上海中心城区,9
4234,上海中心城区,9
4235,上海中心城区,9
4236,上海中心城区,9
4237,上海中心城区,9
4238,上海中心城区,9
4239,,0
4240,浦东新区,7
4241,浦东新区,7
4242,浦东新区,7
4243,浦东新区,7
4244,浦东新区,7
4245,浦东新区,7
4246,浦东新区,7
4247,浦东新区,7
4248,浦东新区,7
4249,浦东新区,7
4250,浦东新区,7
4251,浦东新区,7
4252,浦东新区,7
4253,浦东新区,7
4254,浦东新区,7
4255,浦东新区,7
4256,浦东新区,7
4257,浦东新区,7
4258,浦东新区,7
4259,浦东新区,7
4260,浦东新区,7
4261,浦东新区,7
4262,浦东新区,7
4263,浦东新区,7
4264,浦东新区,7
4265,青浦区,8
4266,青浦区,8
4267,青浦区,8
4268,青浦区,8
4269,青浦区,8
4270,青浦区,8
4271,青浦区,8
4272,青浦区,8
4273,青浦区,8
4274,青浦区,8
4275,青浦区,8
4276,青浦区,8
4277,青浦区,8
4278,青浦区,8
4279,青浦区,8
4280,青浦区,8
4281,青浦区,8
4282,青浦区,8
4283,,0
4284,,0
4285,,0
4286,,0
4287,,0
4288,,0
4289,嘉定区,3
4290,嘉定区,3
4291,嘉定区,3
4292,嘉定区,3
4293,嘉定区,3
4294,嘉定区,3
4295,嘉定区,3
4296,嘉定区,3
4297,,0
4298,,0
4299,上海中心城区,9
4300,上海中心城区,9
4301,上海中心城区,9
4302,上海中心城区,9
4303,上海中心城区,9
4304,上海中心城区,9
4305,上海中心城区,9
4306,上海中心城区,9
4307,上海中心城区,9
4308,,0
4309,,0
4310,,0
4311,浦东新区,7
4312,浦东新区,7
4313,浦东新区,7
4314,浦东新区,7
4315,浦东新区,7
4316,浦东新区,7
4317,浦东新区,7
4318,浦东新区,7
4319,浦东新区,7
4320,浦东新区,7
4321,浦东新区,7
4322,浦东新区,7
4323,浦东新区,7
4324,浦东新区,7
4325,浦东新区,7
4326,浦东新区,7
4327,浦东新区,7
4328,浦东新区,7
4329,浦东新区,7
4330,浦东新区,7
4331,浦东新区,7
4332,浦东新区,7
4333,青浦区,8
4334,青浦区,8
4335,青浦区,8
4336,青浦区,8
4337,青浦区,8
4338,青浦区,8
4339,青浦区,8
4340,青浦区,8
4341,青浦区,8
4342,青浦区,8
4343,青浦区,8
4344,青浦区,8
4345,青浦区,8
4346,青浦区,8
4347,,0
4348,,0
4349,,0
4350,,0
4351,,0
4352,嘉定区,3
4353,嘉定区,3
4354,,0
4355,嘉定区,3
4356,嘉定区,3
4357,嘉定区,3
4358,嘉定区,3
4359,嘉定区,3
4360,嘉定区,3
4361,嘉定区,3
4362,嘉定区,3
4363,嘉定区,3
4364,嘉定区,3
4365,嘉定区,3
4366,,0
4367,上海中心城区,9
4368,上海中心城区,9
4369,上海中心城区,9
4370,上海中心城区,9
4371,上海中心城区,9
4372,上海中心城区,9
4373,上海中心城区,9
4374,上海中心城区,9
4375,上海中心城区,9
4376,上海中心城区,9
4377,上海中心城区,9
4378,,0
4379,,0
4380,,0
4381,浦东新区,7
4382,浦东新区,7
4383,浦东新区,7
4384,浦东新区,7
4385,浦东新区,7
4386,浦东新区,7
4387,浦东新区,7
4388,浦东新区,7
4389,浦东新区,7
4390,浦东新区,7
4391,浦东新区,7
4392,浦东新区,7
4393,浦东新区,7
4394,浦东新区,7
4395,浦东新区,7
4396,浦东新区,7
4397,浦东新区,7
4398,浦东新区,7
4399,浦东新区,7
4400,青浦区,8
4401,青浦区,8
4402,青浦区,8
4403,青浦区,8
4404,青浦区,8
4405,青浦区,8
4406,青浦区,8
4407,青浦区,8
4408,青浦区,8
4409,青浦区,8
4410,青浦区,8
4411,青浦区,8
4412,青浦区,8
4413,,0
4414,,0
4415,嘉定区,3
4416,嘉定区,3
4417,嘉定区,3
4418,嘉定区,3
4419,嘉定区,3
4420,嘉定区,3
4421,嘉定区,3
4422,嘉定区,3
4423,嘉定区,3
4424,嘉定区,3
4425,嘉定区,3
4426,嘉定区,3
4427,嘉定区,3
4428,嘉定区,3
4429,嘉定区,3
4430,嘉定区,3
4431,嘉定区,3
4432,,0
4433,,0
4434,上海中心城区,9
4435,上海中心城区,9
4436,上海中心城区,9
4437,上海中心城区,9
4438,上海中心城区,9
4439,上海中心城区,9
4440,上海中心城区,9
4441,上海中心城区,9
4442,上海中心城区,9
4443,上海中心城区,9
4444,上海中心城区,9
4445,上海中心城区,9
4446,上海中心城区,9
4447,,0
4448,,0
4449,浦东新区,7
4450,浦东新区,7
4451,浦东新区,7
4452,浦东新区,7
4453,浦东新区,7
4454,浦东新区,7
4455,浦东新区,7
4456,浦东新区,7
4457,浦东新区,7
4458,浦东新区,7
4459,浦东新区,7
4460,浦东新区,7
4461,浦东新区,7
4462,浦东新区,7
4463,浦东新区,7
4464,浦东新区,7
4465,浦东新区,7
4466,浦东新区,7
4467,青浦区,8
4468,青浦区,8
4469,青浦区,8
4470,青浦区,8
4471,青浦区,8
4472,青浦区,8
4473,青浦区,8
4474,青浦区,8
4475,青浦区,8
4476,青浦区,8
4477,青浦区,8
4478,青浦区,8
4479,,0
4480,,0
4481,嘉定区,3
4482,嘉定区,3
4483,嘉定区,3
4484,嘉定区,3
4485,嘉定区,3
4486,嘉定区,3
4487,嘉定区,3
4488,嘉定区,3
4489,嘉定区,3
4490,嘉定区,3
4491,嘉定区,3
4492,嘉定区,3
4493,嘉定区,3
4494,嘉定区,3
4495,嘉定区,3
4496,嘉定区,3
4497,嘉定区,3
4498,,0
4499,,0
4500,上海中心城区,9
4501,,0
4502,,0
4503,,0
4504,上海中心城区,9
4505,上海中心城区,9
4506,上海中心城区,9
4507,上海中心城区,9
4508,上海中心城区,9
4509,上海中心城区,9
4510,上海中心城区,9
4511,上海中心城区,9
4512,上海中心城区,9
4513,上海中心城区,9
4514,上海中心城区,9
4515,,0
4516,,0
4517,浦东新区,7
4518,浦东新区,7
4519,浦东新区,7
4520,浦东新区,7
4521,浦东新区,7
4522,浦东新区,7
4523,浦东新区,7
4524,浦东新区,7
4525,浦东新区,7
4526,浦东新区,7
4527,浦东新区,7
4528,浦东新区,7
4529,浦东新区,7
4530,浦东新区,7
4531,浦东新区,7
4532,浦东新区,7
4533,浦东新区,7
4534,青浦区,8
4535,青浦区,8
4536,青浦区,8
4537,青浦区,8
4538,青浦区,8
4539,青浦区,8
4540,青浦区,8
4541,青浦区,8
4542,,0
4543,,0
4544,,0
4545,,0
4546,嘉定区,3
4547,嘉定区,3
4548,嘉定区,3
4549,嘉定区,3
4550,嘉定区,3
4551,嘉定区,3
4552,嘉定区,3
4553,嘉定区,3
4554,嘉定区,3
4555,嘉定区,3
4556,嘉定区,3
4557,嘉定区,3
4558,嘉定区,3
4559,嘉定区,3
4560,嘉定区,3
4561,嘉定区,3
4562,嘉定区,3
4563,嘉定区,3
4564,,0
4565,上海中心城区,9
4566,,0
4567,,0
4568,宝山区,0
4569,,0
4570,,0
4571,上海中心城区,9
4572,上海中心城区,9
4573,上海中心城区,9
4574,上海中心城区,9
4575,上海中心城区,9
4576,上海中心城区,9
4577,上海中心城区,9
4578,上海中心城区,9
4579,上海中心城区,9
4580,上海中心城区,9
4581,上海中心城区,9
4582,,0
4583,浦东新区,7
4584,浦东新区,7
4585,浦东新区,7
4586,浦东新区,7
4587,浦东新区,7
4588,浦东新区,7
4589,浦东新区,7
4590,浦东新区,7
4591,浦东新区,7
4592,浦东新区,7
4593,浦东新区,7
4594,浦东新区,7
4595,浦东新区,7
4596,浦东新区,7
4597,浦东新区,7
4598,青浦区,8
4599,青浦区,8
4600,青浦区,8
4601,嘉定区,3
4602,嘉定区,3
4603,嘉定区,3
4604,嘉定区,3
4605,嘉定区,3
4606,嘉定区,3
4607,嘉定区,3
4608,嘉定区,3
4609,嘉定区,3
4610,嘉定区,3
4611,嘉定区,3
4612,嘉定区,3
4613,嘉定区,3
4614,嘉定区,3
4615,嘉定区,3
4616,嘉定区,3
4617,嘉定区,3
4618,嘉定区,3
4619,嘉定区,3
4620,嘉定区,3
4621,嘉定区,3
4622,,0
4623,,0
4624,,0
4625,,0
4626,宝山区,0
4627,宝山区,0
4628,,0
4629,,0
4630,上海中心城区,9
4631,上海中心城区,9
4632,上海中心城区,9
4633,上海中心城区,9
4634,上海中心城区,9
4635,上海中心城区,9
4636,上海中心城区,9
4637,上海中心城区,9
4638,上海中心城区,9
4639,上海中心城区,9
4640,上海中心城区,9
4641,,0
4642,浦东新区,7
4643,浦东新区,7
4644,浦东新区,7
4645,浦东新区,7
4646,浦东新区,7
4647,浦东新区,7
4648,浦东新区,7
4649,浦东新区,7
4650,浦东新区,7
4651,浦东新区,7
4652,浦东新区,7
4653,浦东新区,7
4654,浦东新区,7
4655,浦东新区,7
4656,嘉定区,3
4657,嘉定区,3
4658,嘉定区,3
4659,嘉定区,3
4660,嘉定区,3
4661,嘉定区,3
4662,嘉定区,3
4663,嘉定区,3
4664,嘉定区,3
4665,嘉定区,3
4666,嘉定区,3
4667,嘉定区,3
4668,嘉定区,3
4669,嘉定区,3
4670,嘉定区,3
4671,嘉定区,3
4672,嘉定区,3
4673,嘉定区,3
4674,嘉定区,3
4675,嘉定区,3
4676,,0
4677,,0
4678,,0
4679,,0
4680,宝山区,0
4681,宝山区,0
4682,宝山区,0
4683,,0
4684,上海中心城区,9
4685,上海中心城区,9
4686,上海中心城区,9
4687,上海中心城区,9
4688,上海中心城区,9
4689,上海中心城区,9
4690,上海中心城区,9
4691,上海中心城区,9
4692,上海中心城区,9
4693,上海中心城区,9
4694,上海中心城区,9
4695,上海中心城区,9
4696,,0
4697,浦东新区,7
4698,浦东新区,7
4699,浦东新区,7
4700,浦东新区,7
4701,浦东新区,7
4702,浦东新区,7
4703,浦东新区,7
4704,浦东新区,7
4705,浦东新区,7
4706,浦东新区,7
4707,浦东新区,7
4708,浦东新区,7
4709,浦东新区,7
4710,浦东新区,7
4711,嘉定区,3
4712,嘉定区,3
4713,嘉定区,3
4714,嘉定区,3
4715,嘉定区,3
4716,嘉定区,3
4717,嘉定区,3
4718,嘉定区,3
4719,嘉定区,3
4720,嘉定区,3
4721,嘉定区,3
4722,嘉定区,3
4723,嘉定区,3
4724,嘉定区,3
4725,嘉定区,3
4726,嘉定区,3
4727,嘉定区,3
4728,嘉定区,3
4729,嘉定区,3
4730,嘉定区,3
4731,嘉定区,3
4732,,0
4733,,0
4734,,0
4735,宝山区,0
4736,宝山区,0
4737,宝山区,0
4738,宝山区,0
4739,宝山区,0
4740,宝山区,0
4741,,0
4742,,0
4743,,0
4744,上海中心城区,9
4745,上海中心城区,9
4746,上海中心城区,9
4747,上海中心城区,9
4748,上海中心城区,9
4749,上海中心城区,9
4750,上海中心城区,9
4751,上海中心城区,9
4752,上海中心城区,9
4753,上海中心城区,9
4754,,0
4755,浦东新区,7
4756,浦东新区,7
4757,浦东新区,7
4758,浦东新区,7
4759,浦东新区,7
4760,浦东新区,7
4761,浦东新区,7
4762,浦东新区,7
4763,浦东新区,7
4764,浦东新区,7
4765,浦东新区,7
4766,浦东新区,7
4767,崇明县,1
4768,崇明县,1
4769,崇明县,1
4770,崇明县,1
4771,嘉定区,3
4772,嘉定区,3
4773,嘉定区,3
4774,嘉定区,3
4775,嘉定区,3
4776,嘉定区,3
4777,嘉定区,3
4778,嘉定区,3
4779,嘉定区,3
4780,嘉定区,3
4781,嘉定区,3
4782,嘉定区,3
4783,嘉定区,3
4784,嘉定区,3
4785,嘉定区,3
4786,嘉定区,3
4787,嘉定区,3
4788,嘉定区,3
4789,嘉定区,3
4790,嘉定区,3
4791,嘉定区,3
4792,,0
4793,宝山区,0
4794,宝山区,0
4795,宝山区,0
4796,宝山区,0
4797,宝山区,0
4798,宝山区,0
4799,宝山区,0
4800,宝山区,0
4801,宝山区,0
4802,宝山区,0
4803,,0
4804,,0
4805,,0
4806,,0
4807,,0
4808,,0
4809,,0
4810,,0
4811,上海中心城区,9
4812,上海中心城区,9
4813,上海中心城区,9
4814,,0
4815,浦东新区,7
4816,浦东新区,7
4817,浦东新区,7
4818,浦东新区,7
4819,浦东新区,7
4820,浦东新区,7
4821,浦东新区,7
4822,浦东新区,7
4823,浦东新区,7
4824,浦东新区,7
4825,浦东新区,7
4826,浦东新区,7
4827,崇明县,1
4828,崇明县,1
4829,崇明县,1
4830,崇明县,1
4831,崇明县,1
4832,崇明县,1
4833,嘉定区,3
4834,嘉定区,3
4835,嘉定区,3
4836,嘉定区,3
4837,嘉定区,3
4838,嘉定区,3
4839,嘉定区,3
4840,嘉定区,3
4841,嘉定区,3
4842,嘉定区,3
4843,嘉定区,3
4844,嘉定区,3
4845,嘉定区,3
4846,嘉定区,3
4847,嘉定区,3
4848,嘉定区,3
4849,嘉定区,3
4850,嘉定区,3
4851,嘉定区,3
4852,嘉定区,3
4853,嘉定区,3
4854,,0
4855,宝山区,0
4856,宝山区,0
4857,宝山区,0
4858,宝山区,0
4859,宝山区,0
4860,宝山区,0
4861,宝山区,0
4862,宝山区,0
4863,宝山区,0
4864,宝山区,0
4865,宝山区,0
4866,宝山区,0
4867,宝山区,0
4868,宝山区,0
4869,宝山区,0
4870,宝山区,0
4871,宝山区,0
4872,,0
4873,,0
4874,上海中心城区,9
4875,,0
4876,,0
4877,浦东新区,7
4878,浦东新区,7
4879,浦东新区,7
4880,浦东新区,7
4881,浦东新区,7
4882,浦东新区,7
4883,浦东新区,7
4884,浦东新区,7
4885,浦东新区,7
4886,浦东新区,7
4887,浦东新区,7
4888,崇明县,1
4889,崇明县,1
4890,崇明县,1
4891,崇明县,1
4892,崇明县,1
4893,崇明县,1
4894,崇明县,1
4895,崇明县,1
4896,崇明县,1
4897,崇明县,1
4898,嘉定区,3
4899,嘉定区,3
4900,嘉定区,3
4901,嘉定区,3
4902,嘉定区,3
4903,嘉定区,3
4904,嘉定区,3
4905,嘉定区,3
4906,嘉定区,3
4907,嘉定区,3
4908,嘉定区,3
4909,嘉定区,3
4910,嘉定区,3
4911,嘉定区,3
4912,嘉定区,3
4913,嘉定区,3
4914,嘉定区,3
4915,嘉定区,3
4916,嘉定区,3
4917,嘉定区,3
4918,,0
4919,宝山区,0
4920,宝山区,0
4921,宝山区,0
4922,宝山区,0
4923,宝山区,0
4924,宝山区,0
4925,宝山区,0
4926,宝山区,0
4927,宝山区,0
4928,宝山区,0
4929,宝山区,0
4930,宝山区,0
4931,宝山区,0
4932,宝山区,0
4933,宝山区,0
4934,宝山区,0
4935,宝山区,0
4936,宝山区,0
4937,,0
4938,,0
4939,,0
4940,浦东新区,7
4941,浦东新区,7
4942,浦东新区,7
4943,浦东新区,7
4944,浦东新区,7
4945,浦东新区,7
4946,浦东新区,7
4947,浦东新区,7
4948,浦东新区,7
4949,浦东新区,7
4950,浦东新区,7
4951,崇明县,1
4952,崇明县,1
4953,崇明县,1
4954,崇明县,1
4955,崇明县,1
4956,崇明县,1
4957,崇明县,1
4958,崇明县,1
4959,崇明县,1
4960,崇明县,1
4961,崇明县,1
4962,崇明县,1
4963,崇明县,1
4964,崇明县,1
4965,嘉定区,3
4966,嘉定区,3
4967,嘉定区,3
4968,嘉定区,3
4969,嘉定区,3
4970,嘉定区,3
4971,嘉定区,3
4972,嘉定区,3
4973,嘉定区,3
4974,嘉定区,3
4975,嘉定区,3
4976,嘉定区,3
4977,嘉定区,3
4978,嘉定区,3
4979,嘉定区,3
4980,嘉定区,3
4981,嘉定区,3
4982,嘉定区,3
4983,嘉定区,3
4984,嘉定区,3
4985,嘉定区,3
4986,,0
4987,宝山区,0
4988,宝山区,0
4989,宝山区,0
4990,宝山区,0
4991,宝山区,0
4992,宝山区,0
4993,宝山区,0
4994,宝山区,0
4995,宝山区,0
4996,宝山区,0
4997,宝山区,0
4998,宝山区,0
4999,宝山区,0
5000,宝山区,0
5001,宝山区,0
5002,宝山区,0
5003,宝山区,0
5004,宝山区,0
5005,,0
5006,,0
5007,浦东新区,7
5008,浦东新区,7
5009,浦东新区,7
5010,浦东新区,7
5011,浦东新区,7
5012,浦东新区,7
5013,浦东新区,7
5014,浦东新区,7
5015,浦东新区,7
5016,浦东新区,7
5017,浦东新区,7
5018,崇明县,1
5019,崇明县,1
5020,崇明县,1
5021,崇明县,1
5022,崇明县,1
5023,崇明县,1
5024,崇明县,1
5025,崇明县,1
5026,崇明县,1
5027,崇明县,1
5028,崇明县,1
5029,崇明县,1
5030,崇明县,1
5031,崇明县,1
5032,嘉定区,3
5033,嘉定区,3
5034,嘉定区,3
5035,嘉定区,3
5036,嘉定区,3
5037,嘉定区,3
5038,嘉定区,3
5039,嘉定区,3
5040,嘉定区,3
5041,嘉定区,3
5042,嘉定区,3
5043,嘉定区,3
5044,嘉定区,3
5045,嘉定区,3
5046,嘉定区,3
5047,嘉定区,3
5048,嘉定区,3
5049,嘉定区,3
5050,嘉定区,3
5051,嘉定区,3
5052,嘉定区,3
5053,嘉定区,3
5054,,0
5055,宝山区,0
5056,宝山区,0
5057,宝山区,0
5058,宝山区,0
5059,宝山区,0
5060,宝山区,0
5061,宝山区,0
5062,宝山区,0
5063,宝山区,0
5064,宝山区,0
5065,宝山区,0
5066,宝山区,0
5067,宝山区,0
5068,宝山区,0
5069,宝山区,0
5070,宝山区,0
5071,,0
5072,,0
5073,,0
5074,浦东新区,7
5075,浦东新区,7
5076,浦东新区,7
5077,浦东新区,7
5078,浦东新区,7
5079,浦东新区,7
5080,浦东新区,7
5081,浦东新区,7
5082,浦东新区,7
5083,浦东新区,7
5084,崇明县,1
5085,崇明县,1
5086,崇明县,1
5087,崇明县,1
5088,崇明县,1
5089,崇明县,1
5090,崇明县,1
5091,崇明县,1
5092,崇明县,1
5093,崇明县,1
5094,崇明县,1
5095,崇明县,1
5096,崇明县,1
5097,崇明县,1
5098,崇明县,1
5099,嘉定区,3
5100,嘉定区,3
5101,嘉定区,3
5102,嘉定区,3
5103,嘉定区,3
5104,嘉定区,3
5105,嘉定区,3
5106,嘉定区,3
5107,嘉定区,3
5108,嘉定区,3
5109,嘉定区,3
5110,嘉定区,3
5111,嘉定区,3
5112,嘉定区,3
5113,嘉定区,3
5114,嘉定区,3
5115,嘉定区,3
5116,嘉定区,3
5117,嘉定区,3
5118,嘉定区,3
5119,嘉定区,3
5120,嘉定区,3
5121,,0
5122,宝山区,0
5123,宝山区,0
5124,宝山区,0
5125,宝山区,0
5126,宝山区,0
5127,宝山区,0
5128,宝山区,0
5129,宝山区,0
5130,宝山区,0
5131,宝山区,0
5132,宝山区,0
5133,宝山区,0
5134,宝山区,0
5135,宝山区,0
5136,宝山区,0
5137,宝山区,0
5138,,0
5139,浦东新区,7
5140,浦东新区,7
5141,浦东新区,7
5142,浦东新区,7
5143,浦东新区,7
5144,浦东新区,7
5145,浦东新区,7
5146,浦东新区,7
5147,浦东新区,7
5148,浦东新区,7
5149,崇明县,1
5150,崇明县,1
5151,崇明县,1
5152,崇明县,1
5153,崇明县,1
5154,崇明县,1
5155,崇明县,1
5156,崇明县,1
5157,崇明县,1
5158,崇明县,1
5159,崇明县,1
5160,崇明县,1
5161,崇明县,1
5162,崇明县,1
5163,崇明县,1
5164,崇明县,1
5165,嘉定区,3
5166,嘉定区,3
5167,嘉定区,3
5168,嘉定区,3
5169,嘉定区,3
5170,嘉定区,3
5171,嘉定区,3
5172,嘉定区,3
5173,嘉定区,3
5174,嘉定区,3
5175,嘉定区,3
5176,嘉定区,3
5177,嘉定区,3
5178,嘉定区,3
5179,嘉定区,3
5180,嘉定区,3
5181,嘉定区,3
5182,嘉定区,3
5183,嘉定区,3
5184,嘉定区,3
5185,嘉定区,3
5186,嘉定区,3
5187,,0
5188,宝山区,0
5189,宝山区,0
5190,宝山区,0
5191,宝山区,0
5192,宝山区,0
5193,宝山区,0
5194,宝山区,0
5195,宝山区,0
5196,宝山区,0
5197,宝山区,0
5198,宝山区,0
5199,宝山区,0
5200,宝山区,0
5201,宝山区,0
5202,宝山区,0
5203,宝山区,0
5204,,0
5205,浦东新区,7
5206,浦东新区,7
5207,浦东新区,7
5208,浦东新区,7
5209,浦东新区,7
5210,浦东新区,7
5211,浦东新区,7
5212,浦东新区,7
5213,崇明县,1
5214,崇明县,1
5215,崇明县,1
5216,崇明县,1
5217,崇明县,1
5218,崇明县,1
5219,崇明县,1
5220,崇明县,1
5221,崇明县,1
5222,崇明县,1
5223,崇明县,1
5224,崇明县,1
5225,崇明县,1
5226,崇明县,1
5227,崇明县,1
5228,崇明县,1
5229,嘉定区,3
5230,嘉定区,3
5231,嘉定区,3
5232,嘉定区,3
5233,嘉定区,3
5234,嘉定区,3
5235,嘉定区,3
5236,嘉定区,3
5237,嘉定区,3
5238,嘉定区,3
5239,嘉定区,3
5240,嘉定区,3
5241,嘉定区,3
5242,嘉定区,3
5243,嘉定区,3
5244,嘉定区,3
5245,嘉定区,3
5246,嘉定区,3
5247,嘉定区,3
5248,嘉定区,3
5249,嘉定区,3
5250,,0
5251,,0
5252,宝山区,0
5253,宝山区,0
5254,宝山区,0
5255,宝山区,0
5256,宝山区,0
5257,宝山区,0
5258,宝山区,0
5259,宝山区,0
5260,宝山区,0
5261,宝山区,0
5262,宝山区,0
5263,宝山区,0
5264,宝山区,0
5265,宝山区,0
5266,宝山区,0
5267,宝山区,0
5268,,0
5269,,0
5270,浦东新区,7
5271,浦东新区,7
5272,浦东新区,7
5273,浦东新区,7
5274,浦东新区,7
5275,浦东新区,7
5276,崇明县,1
5277,崇明县,1
5278,崇明县,1
5279,崇明县,1
5280,崇明县,1
5281,崇明县,1
5282,崇明县,1
5283,崇明县,1
5284,崇明县,1
5285,崇明县,1
5286,崇明县,1
5287,崇明县,1
5288,崇明县,1
5289,崇明县,1
5290,崇明县,1
5291,崇明县,1
5292,崇明县,1
5293,崇明县,1
5294,嘉定区,3
5295,嘉定区,3
5296,嘉定区,3
5297,嘉定区,3
5298,嘉定区,3
5299,嘉定区,3
5300,嘉定区,3
5301,嘉定区,3
5302,嘉定区,3
5303,嘉定区,3
5304,嘉定区,3
5305,嘉定区,3
5306,嘉定区,3
5307,嘉定区,3
5308,嘉定区,3
5309,嘉定区,3
5310,嘉定区,3
5311,嘉定区,3
5312,,0
5313,,0
5314,宝山区,0
5315,宝山区,0
5316,宝山区,0
5317,宝山区,0
5318,宝山区,0
5319,宝山区,0
5320,宝山区,0
5321,宝山区,0
5322,宝山区,0
5323,宝山区,0
5324,宝山区,0
5325,宝山区,0
5326,宝山区,0
5327,宝山区,0
5328,宝山区,0
5329,宝山区,0
5330,宝山区,0
5331,,0
5332,,0
5333,浦东新区,7
5334,浦东新区,7
5335,浦东新区,7
5336,浦东新区,7
5337,崇明县,1
5338,崇明县,1
5339,崇明县,1
5340,崇明县,1
5341,崇明县,1
5342,崇明县,1
5343,崇明县,1
5344,崇明县,1
5345,崇明县,1
5346,崇明县,1
5347,崇明县,1
5348,崇明县,1
5349,崇明县,1
5350,崇明县,1
5351,崇明县,1
5352,崇明县,1
5353,崇明县,1
5354,嘉定区,3
5355,嘉定区,3
5356,嘉定区,3
5357,嘉定区,3
5358,嘉定区,3
5359,嘉定区,3
5360,嘉定区,3
5361,嘉定区,3
5362,嘉定区,3
5363,嘉定区,3
5364,嘉定区,3
5365,嘉定区,3
5366,嘉定区,3
5367,嘉定区,3
5368,嘉定区,3
5369,嘉定区,3
5370,,0
5371,宝山区,0
5372,宝山区,0
5373,宝山区,0
5374,宝山区,0
5375,宝山区,0
5376,宝山区,0
5377,宝山区,0
5378,宝山区,0
5379,宝山区,0
5380,宝山区,0
5381,宝山区,0
5382,宝山区,0
5383,宝山区,0
5384,宝山区,0
5385,宝山区,0
5386,宝山区,0
5387,宝山区,0
5388,宝山区,0
5389,,0
5390,浦东新区,7
5391,崇明县,1
5392,崇明县,1
5393,崇明县,1
5394,崇明县,1
5395,崇明县,1
5396,崇明县,1
5397,崇明县,1
5398,崇明县,1
5399,崇明县,1
5400,崇明县,1
5401,崇明县,1
5402,嘉定区,3
5403,嘉定区,3
5404,嘉定区,3
5405,嘉定区,3
5406,嘉定区,3
5407,嘉定区,3
5408,嘉定区,3
5409,嘉定区,3
5410,嘉定区,3
5411,嘉定区,3
5412,嘉定区,3
5413,嘉定区,3
5414,嘉定区,3
5415,嘉定区,3
5416,嘉定区,3
5417,嘉定区,3
5418,,0
5419,,0
5420,宝山区,0
5421,宝山区,0
5422,宝山区,0
5423,宝山区,0
5424,宝山区,0
5425,宝山区,0
5426,宝山区,0
5427,宝山区,0
5428,宝山区,0
5429,宝山区,0
5430,宝山区,0
5431,宝山区,0
5432,宝山区,0
5433,宝山区,0
5434,宝山区,0
5435,宝山区,0
5436,宝山区,0
5437,崇明县,1
5438,崇明县,1
5439,崇明县,1
5440,崇明县,1
5441,崇明县,1
5442,崇明县,1
5443,崇明县,1
5444,崇明县,1
5445,崇明县,1
5446,崇明县,1
5447,崇明县,1
5448,嘉定区,3
5449,嘉定区,3
5450,嘉定区,3
5451,嘉定区,3
5452,嘉定区,3
5453,嘉定区,3
5454,嘉定区,3
5455,嘉定区,3
5456,嘉定区,3
5457,嘉定区,3
5458,嘉定区,3
5459,嘉定区,3
5460,嘉定区,3
5461,嘉定区,3
5462,嘉定区,3
5463,嘉定区,3
5464,嘉定区,3
5465,,0
5466,宝山区,0
5467,宝山区,0
5468,宝山区,0
5469,宝山区,0
5470,宝山区,0
5471,宝山区,0
5472,宝山区,0
5473,宝山区,0
5474,宝山区,0
5475,宝山区,0
5476,宝山区,0
5477,宝山区,0
5478,宝山区,0
5479,宝山区,0
5480,宝山区,0
5481,宝山区,0
5482,崇明县,1
5483,崇明县,1
5484,崇明县,1
5485,崇明县,1
5486,崇明县,1
5487,崇明县,1
5488,崇明县,1
5489,崇明县,1
5490,崇明县,1
5491,崇明县,1
5492,崇明县,1
5493,嘉定区,3
5494,嘉定区,3
5495,嘉定区,3
5496,嘉定区,3
5497,嘉定区,3
5498,嘉定区,3
5499,嘉定区,3
5500,嘉定区,3
5501,嘉定区,3
5502,嘉定区,3
5503,嘉定区,3
5504,嘉定区,3
5505,嘉定区,3
5506,嘉定区,3
5507,嘉定区,3
5508,嘉定区,3
5509,,0
5510,宝山区,0
5511,宝山区,0
5512,宝山区,0
5513,宝山区,0
5514,宝山区,0
5515,宝山区,0
5516,宝山区,0
5517,宝山区,0
5518,宝山区,0
5519,宝山区,0
5520,宝山区,0
5521,宝山区,0
5522,宝山区,0
5523,宝山区,0
5524,宝山区,0
5525,崇明县,1
5526,崇明县,1
5527,崇明县,1
5528,崇明县,1
5529,崇明县,1
5530,崇明县,1
5531,崇明县,1
5532,崇明县,1
5533,崇明县,1
5534,崇明县,1
5535,崇明县,1
5536,崇明县,1
5537,崇明县,1
5538,嘉定区,3
5539,嘉定区,3
5540,嘉定区,3
5541,嘉定区,3
5542,嘉定区,3
5543,嘉定区,3
5544,嘉定区,3
5545,嘉定区,3
5546,嘉定区,3
5547,嘉定区,3
5548,嘉定区,3
5549,嘉定区,3
5550,嘉定区,3
5551,嘉定区,3
5552,嘉定区,3
5553,嘉定区,3
5554,嘉定区,3
5555,,0
5556,宝山区,0
5557,宝山区,0
5558,宝山区,0
5559,宝山区,0
5560,宝山区,0
5561,宝山区,0
5562,宝山区,0
5563,宝山区,0
5564,宝山区,0
5565,宝山区,0
5566,宝山区,0
5567,宝山区,0
5568,宝山区,0
5569,宝山区,0
5570,崇明县,1
5571,崇明县,1
5572,崇明县,1
5573,崇明县,1
5574,崇明县,1
5575,崇明县,1
5576,崇明县,1
5577,崇明县,1
5578,崇明县,1
5579,崇明县,1
5580,崇明县,1
5581,崇明县,1
5582,崇明县,1
5583,崇明县,1
5584,崇明县,1
5585,嘉定区,3
5586,嘉定区,3
5587,嘉定区,3
5588,嘉定区,3
5589,嘉定区,3
5590,嘉定区,3
5591,嘉定区,3
5592,嘉定区,3
5593,嘉定区,3
5594,嘉定区,3
5595,嘉定区,3
5596,嘉定区,3
5597,嘉定区,3
5598,嘉定区,3
5599,嘉定区,3
5600,嘉定区,3
5601,嘉定区,3
5602,,0
5603,宝山区,0
5604,宝山区,0
5605,宝山区,0
5606,宝山区,0
5607,宝山区,0
5608,宝山区,0
5609,宝山区,0
5610,宝山区,0
5611,宝山区,0
5612,宝山区,0
5613,宝山区,0
5614,宝山区,0
5615,崇明县,1
5616,崇明县,1
5617,崇明县,1
5618,崇明县,1
5619,崇明县,1
5620,崇明县,1
5621,崇明县,1
5622,崇明县,1
5623,崇明县,1
5624,崇明县,1
5625,崇明县,1
5626,崇明县,1
5627,崇明县,1
5628,嘉定区,3
5629,嘉定区,3
5630,嘉定区,3
5631,嘉定区,3
5632,嘉定区,3
5633,嘉定区,3
5634,嘉定区,3
5635,嘉定区,3
5636,嘉定区,3
5637,嘉定区,3
5638,嘉定区,3
5639,嘉定区,3
5640,嘉定区,3
5641,,0
5642,,0
5643,宝山区,0
5644,宝山区,0
5645,宝山区,0
5646,宝山区,0
5647,宝山区,0
5648,宝山区,0
5649,宝山区,0
5650,宝山区,0
5651,宝山区,0
5652,宝山区,0
5653,宝山区,0
5654,崇明县,1
5655,崇明县,1
5656,崇明县,1
5657,崇明县,1
5658,崇明县,1
5659,崇明县,1
5660,崇明县,1
5661,崇明县,1
5662,崇明县,1
5663,崇明县,1
5664,崇明县,1
5665,崇明县,1
5666,崇明县,1
5667,崇明县,1
5668,崇明县,1
5669,崇明县,1
5670,崇明县,1
5671,嘉定区,3
5672,嘉定区,3
5673,嘉定区,3
5674,嘉定区,3
5675,嘉定区,3
5676,嘉定区,3
5677,嘉定区,3
5678,嘉定区,3
5679,嘉定区,3
5680,嘉定区,3
5681,嘉定区,3
5682,嘉定区,3
5683,嘉定区,3
5684,,0
5685,宝山区,0
5686,宝山区,0
5687,宝山区,0
5688,宝山区,0
5689,宝山区,0
5690,宝山区,0
5691,宝山区,0
5692,宝山区,0
5693,宝山区,0
5694,宝山区,0
5695,宝山区,0
5696,崇明县,1
5697,崇明县,1
5698,崇明县,1
5699,崇明县,1
5700,崇明县,1
5701,崇明县,1
5702,崇明县,1
5703,崇明县,1
5704,崇明县,1
5705,崇明县,1
5706,崇明县,1
5707,崇明县,1
5708,崇明县,1
5709,崇明县,1
5710,崇明县,1
5711,崇明县,1
5712,崇明县,1
5713,崇明县,1
5714,崇明县,1
5715,崇明县,1
5716,崇明县,1
5717,崇明县,1
5718,崇明县,1
5719,嘉定区,3
5720,嘉定区,3
5721,嘉定区,3
5722,嘉定区,3
5723,嘉定区,3
5724,嘉定区,3
5725,嘉定区,3
5726,嘉定区,3
5727,嘉定区,3
5728,嘉定区,3
5729,嘉定区,3
5730,,0
5731,,0
5732,宝山区,0
5733,宝山区,0
5734,宝山区,0
5735,宝山区,0
5736,宝山区,0
5737,宝山区,0
5738,宝山区,0
5739,宝山区,0
5740,宝山区,0
5741,宝山区,0
5742,崇明县,1
5743,崇明县,1
5744,崇明县,1
5745,崇明县,1
5746,崇明县,1
5747,崇明县,1
5748,崇明县,1
5749,崇明县,1
5750,崇明县,1
5751,崇明县,1
5752,崇明县,1
5753,崇明县,1
5754,崇明县,1
5755,崇明县,1
5756,崇明县,1
5757,崇明县,1
5758,崇明县,1
5759,崇明县,1
5760,崇明县,1
5761,崇明县,1
5762,崇明县,1
5763,崇明县,1
5764,崇明县,1
5765,崇明县,1
5766,崇明县,1
5767,嘉定区,3
5768,嘉定区,3
5769,嘉定区,3
5770,嘉定区,3
5771,嘉定区,3
5772,嘉定区,3
5773,嘉定区,3
5774,嘉定区,3
5775,嘉定区,3
5776,嘉定区,3
5777,,0
5778,宝山区,0
5779,宝山区,0
5780,宝山区,0
5781,宝山区,0
5782,宝山区,0
5783,宝山区,0
5784,宝山区,0
5785,宝山区,0
5786,宝山区,0
5787,宝山区,0
5788,宝山区,0
5789,宝山区,0
5790,崇明县,1
5791,崇明县,1
5792,崇明县,1
5793,崇明县,1
5794,崇明县,1
5795,崇明县,1
5796,崇明县,1
5797,崇明县,1
5798,崇明县,1
5799,崇明县,1
5800,崇明县,1
5801,崇明县,1
5802,崇明县,1
5803,崇明县,1
5804,崇明县,1
5805,崇明县,1
5806,崇明县,1
5807,崇明县,1
5808,崇明县,1
5809,崇明县,1
5810,崇明县,1
5811,崇明县,1
5812,崇明县,1
5813,崇明县,1
5814,崇明县,1
5815,崇明县,1
5816,崇明县,1
5817,崇明县,1
5818,嘉定区,3
5819,嘉定区,3
5820,嘉定区,3
5821,嘉定区,3
5822,嘉定区,3
5823,嘉定区,3
5824,,0
5825,宝山区,0
5826,宝山区,0
5827,宝山区,0
5828,宝山区,0
5829,宝山区,0
5830,宝山区,0
5831,宝山区,0
5832,宝山区,0
5833,宝山区,0
5834,宝山区,0
5835,崇明县,1
5836,崇明县,1
5837,崇明县,1
5838,崇明县,1
5839,崇明县,1
5840,崇明县,1
5841,崇明县,1
5842,崇明县,1
5843,崇明县,1
5844,崇明县,1
5845,崇明县,1
5846,崇明县,1
5847,崇明县,1
5848,崇明县,1
5849,崇明县,1
5850,崇明县,1
5851,崇明县,1
5852,崇明县,1
5853,崇明县,1
5854,崇明县,1
5855,崇明县,1
5856,崇明县,1
5857,崇明县,1
5858,崇明县,1
5859,崇明县,1
5860,崇明县,1
5861,崇明县,1
5862,崇明县,1
5863,崇明县,1
5864,崇明县,1
5865,崇明县,1
5866,崇明县,1
5867,宝山区,0
5868,宝山区,0
5869,宝山区,0
5870,宝山区,0
5871,宝山区,0
5872,宝山区,0
5873,宝山区,0
5874,宝山区,0
5875,宝山区,0
5876,崇明县,1
5877,崇明县,1
5878,崇明县,1
5879,崇明县,1
5880,崇明县,1
5881,崇明县,1
5882,崇明县,1
5883,崇明县,1
5884,崇明县,1
5885,崇明县,1
5886,崇明县,1
5887,崇明县,1
5888,崇明县,1
5889,崇明县,1
5890,崇明县,1
5891,崇明县,1
5892,崇明县,1
5893,崇明县,1
5894,崇明县,1
5895,崇明县,1
5896,崇明县,1
5897,崇明县,1
5898,崇明县,1
5899,崇明县,1
5900,崇明县,1
5901,崇明县,1
5902,崇明县,1
5903,崇明县,1
5904,崇明县,1
5905,崇明县,1
5906,崇明县,1
5907,崇明县,1
5908,宝山区,0
5909,宝山区,0
5910,宝山区,0
5911,崇明县,1
5912,崇明县,1
5913,崇明县,1
5914,崇明县,1
5915,崇明县,1
5916,崇明县,1
5917,崇明县,1
5918,崇明县,1
5919,崇明县,1
5920,崇明县,1
5921,崇明县,1
5922,崇明县,1
5923,崇明县,1
5924,崇明县,1
5925,崇明县,1
5926,崇明县,1
5927,崇明县,1
5928,崇明县,1
5929,崇明县,1
5930,崇明县,1
5931,崇明县,1
5932,崇明县,1
5933,崇明县,1
5934,崇明县,1
5935,崇明县,1
5936,崇明县,1
5937,崇明县,1
5938,崇明县,1
5939,崇明县,1
5940,宝山区,0
5941,崇明县,1
5942,崇明县,1
5943,崇明县,1
5944,崇明县,1
5945,崇明县,1
5946,崇明县,1
5947,崇明县,1
5948,崇明县,1
5949,崇明县,1
5950,崇明县,1
5951,崇明县,1
5952,崇明县,1
5953,崇明县,1
5954,崇明县,1
5955,崇明县,1
5956,崇明县,1
5957,崇明县,1
5958,崇明县,1
5959,崇明县,1
5960,崇明县,1
5961,崇明县,1
5962,崇明县,1
5963,崇明县,1
5964,崇明县,1
5965,崇明县,1
5966,崇明县,1
5967,崇明县,1
5968,崇明县,1
5969,崇明县,1
5970,崇明县,1
5971,崇明县,1
5972,崇明县,1
5973,崇明县,1
5974,崇明县,1
5975,崇明县,1
5976,崇明县,1
5977,崇明县,1
5978,崇明县,1
5979,崇明县,1
5980,崇明县,1
5981,崇明县,1
5982,崇明县,1
5983,崇明县,1
5984,崇明县,1
5985,崇明县,1
5986,崇明县,1
5987,崇明县,1
5988,崇明县,1
5989,崇明县,1
5990,崇明县,1
5991,崇明县,1
5992,崇明县,1
5993,崇明县,1
5994,崇明县,1
5995,崇明县,1
5996,崇明县,1
5997,崇明县,1
5998,崇明县,1
5999,崇明县,1
6000,崇明县,1
6001,崇明县,1
6002,崇明县,1
6003,崇明县,1
6004,崇明县,1
6005,崇明县,1
6006,崇明县,1
6007,崇明县,1
6008,崇明县,1
6009,崇明县,1
6010,崇明县,1
6011,崇明县,1
6012,崇明县,1
6013,崇明县,1
6014,崇明县,1
6015,崇明县,1
6016,崇明县,1
6017,崇明县,1
6018,崇明县,1
6019,崇明县,1
6020,崇明县,1
6021,崇明县,1
6022,崇明县,1
6023,崇明县,1
6024,崇明县,1
6025,崇明县,1
6026,崇明县,1
6027,崇明县,1
6028,崇明县,1
6029,崇明县,1
6030,崇明县,1
6031,崇明县,1
6032,崇明县,1
6033,崇明县,1
6034,崇明县,1
6035,崇明县,1
6036,崇明县,1
6037,崇明县,1
6038,崇明县,1
6039,崇明县,1
6040,崇明县,1
6041,崇明县,1
6042,崇明县,1
6043,崇明县,1
6044,崇明县,1
6045,崇明县,1
6046,崇明县,1
6047,崇明县,1
6048,崇明县,1
6049,崇明县,1
6050,崇明县,1
6051,崇明县,1
6052,崇明县,1
6053,崇明县,1
6054,崇明县,1
6055,崇明县,1
6056,崇明县,1
6057,崇明县,1
6058,崇明县,1
6059,崇明县,1
6060,崇明县,1
6061,崇明县,1
6062,崇明县,1
6063,崇明县,1
6064,崇明县,1
6065,崇明县,1
6066,崇明县,1
6067,崇明县,1
6068,崇明县,1
6069,崇明县,1
6070,崇明县,1
6071,崇明县,1
6072,崇明县,1
6073,崇明县,1
6074,崇明县,1
6075,崇明县,1
6076,崇明县,1
6077,崇明县,1
6078,崇明县,1
6079,崇明县,1
6080,崇明县,1
6081,崇明县,1
6082,崇明县,1
6083,崇明县,1
6084,崇明县,1
6085,崇明县,1
6086,崇明县,1
6087,崇明县,1
6088,崇明县,1
6089,崇明县,1
6090,崇明县,1
6091,崇明县,1
6092,崇明县,1
6093,崇明县,1
6094,崇明县,1
6095,崇明县,1
6096,崇明县,1
6097,崇明县,1
6098,崇明县,1
6099,崇明县,1
6100,崇明县,1
6101,崇明县,1
6102,崇明县,1
6103,崇明县,1
6104,崇明县,1
6105,崇明县,1
6106,崇明县,1
6107,崇明县,1
6108,崇明县,1
6109,崇明县,1
6110,崇明县,1
6111,崇明县,1
6112,崇明县,1
6113,崇明县,1
6114,崇明县,1
6115,崇明县,1
6116,崇明县,1
6117,崇明县,1
6118,崇明县,1
6119,崇明县,1
6120,崇明县,1
6121,崇明县,1
6122,崇明县,1
6123,崇明县,1
6124,崇明县,1
6125,崇明县,1
6126,崇明县,1
6127,崇明县,1
6128,崇明县,1
6129,崇明县,1
6130,崇明县,1
6131,崇明县,1
6132,崇明县,1
6133,崇明县,1
6134,崇明县,1
6135,崇明县,1
6136,崇明县,1
6137,崇明县,1
6138,崇明县,1
6139,崇明县,1
6140,崇明县,1
6141,崇明县,1
6142,崇明县,1
6143,崇明县,1
6144,崇明县,1
6145,崇明县,1
6146,崇明县,1
6147,崇明县,1
6148,崇明县,1
6149,崇明县,1
6150,崇明县,1
6151,崇明县,1
6152,崇明县,1
6153,崇明县,1
6154,崇明县,1
6155,崇明县,1
6156,崇明县,1
6157,崇明县,1
6158,崇明县,1
6159,崇明县,1
6160,崇明县,1
6161,崇明县,1
6162,崇明县,1
6163,崇明县,1
6164,崇明县,1
6165,崇明县,1
6166,崇明县,1
6167,崇明县,1
6168,崇明县,1
6169,崇明县,1
6170,崇明县,1
6171,崇明县,1
6172,崇明县,1
6173,崇明县,1
6174,崇明县,1
6175,崇明县,1
6176,崇明县,1
6177,崇明县,1
6178,崇明县,1
6179,崇明县,1
6180,崇明县,1
6181,崇明县,1
6182,崇明县,1
6183,崇明县,1
6184,崇明县,1
6185,崇明县,1
6186,崇明县,1
6187,崇明县,1
6188,崇明县,1
6189,崇明县,1
6190,崇明县,1
6191,崇明县,1
6192,崇明县,1
6193,崇明县,1
6194,崇明县,1
6195,崇明县,1
6196,崇明县,1
6197,崇明县,1
6198,崇明县,1
6199,崇明县,1
6200,崇明县,1
6201,崇明县,1
6202,崇明县,1
6203,崇明县,1
6204,崇明县,1
6205,崇明县,1
6206,崇明县,1
6207,崇明县,1
6208,崇明县,1
6209,崇明县,1
6210,崇明县,1
6211,崇明县,1
6212,崇明县,1
6213,崇明县,1
6214,崇明县,1
6215,崇明县,1
6216,崇明县,1
6217,崇明县,1
6218,崇明县,1
6219,崇明县,1
6220,崇明县,1
6221,崇明县,1
6222,崇明县,1
6223,崇明县,1
6224,崇明县,1
6225,崇明县,1
6226,崇明县,1
6227,崇明县,1
6228,崇明县,1
6229,崇明县,1
6230,崇明县,1
6231,崇明县,1
6232,崇明县,1
6233,崇明县,1
6234,崇明县,1
6235,崇明县,1
6236,崇明县,1
6237,崇明县,1
6238,崇明县,1
6239,崇明县,1
6240,崇明县,1
6241,崇明县,1
6242,崇明县,1
6243,崇明县,1
6244,崇明县,1
6245,崇明县,1
6246,崇明县,1
6247,崇明县,1
6248,崇明县,1
6249,崇明县,1
6250,崇明县,1
6251,崇明县,1
6252,崇明县,1
6253,崇明县,1
6254,崇明县,1
6255,崇明县,1
6256,崇明县,1
6257,崇明县,1
6258,崇明县,1
6259,崇明县,1
6260,崇明县,1
6261,崇明县,1
6262,崇明县,1
6263,崇明县,1
6264,崇明县,1
6265,崇明县,1
6266,崇明县,1
6267,崇明县,1
6268,崇明县,1
6269,崇明县,1
6270,崇明县,1
6271,崇明县,1
6272,崇明县,1
6273,崇明县,1
6274,崇明县,1
6275,崇明县,1
6276,崇明县,1
6277,崇明县,1
6278,崇明县,1
6279,崇明县,1
6280,崇明县,1
6281,崇明县,1
6282,崇明县,1
6283,崇明县,1
6284,崇明县,1
6285,崇明县,1
6286,崇明县,1
6287,崇明县,1
6288,崇明县,1
6289,崇明县,1
6290,崇明县,1
6291,崇明县,1
6292,崇明县,1
6293,崇明县,1
6294,崇明县,1
6295,崇明县,1
6296,崇明县,1
6297,崇明县,1
6298,崇明县,1
6299,崇明县,1
6300,崇明县,1
6301,崇明县,1
6302,崇明县,1
6303,崇明县,1
6304,崇明县,1
6305,崇明县,1
6306,崇明县,1
6307,崇明县,1
6308,崇明县,1
6309,崇明县,1
6310,崇明县,1
6311,崇明县,1
6312,崇明县,1
6313,崇明县,1
6314,崇明县,1
6315,崇明县,1
6316,崇明县,1
6317,崇明县,1
6318,崇明县,1
6319,崇明县,1
6320,崇明县,1
6321,崇明县,1
6322,崇明县,1
6323,崇明县,1
6324,崇明县,1
6325,崇明县,1
6326,崇明县,1
6327,崇明县,1
6328,崇明县,1
6329,崇明县,1
6330,崇明县,1
6331,崇明县,1
6332,崇明县,1
6333,崇明县,1
6334,崇明县,1
6335,崇明县,1
6336,崇明县,1
6337,崇明县,1
6338,崇明县,1
6339,崇明县,1
6340,崇明县,1
6341,崇明县,1
6342,崇明县,1
6343,崇明县,1
6344,崇明县,1
6345,崇明县,1
6346,崇明县,1
6347,崇明县,1
6348,崇明县,1
6349,崇明县,1
6350,崇明县,1
6351,崇明县,1
6352,崇明县,1
6353,崇明县,1
6354,崇明县,1
6355,崇明县,1
6356,崇明县,1
6357,崇明县,1
6358,崇明县,1
6359,崇明县,1
6360,崇明县,1
6361,崇明县,1
6362,崇明县,1
6363,崇明县,1
6364,崇明县,1
6365,崇明县,1
6366,崇明县,1
6367,崇明县,1
6368,崇明县,1
6369,崇明县,1
6370,崇明县,1
6371,崇明县,1
6372,崇明县,1
6373,崇明县,1
6374,崇明县,1
6375,崇明县,1
6376,崇明县,1
6377,崇明县,1
6378,崇明县,1
6379,崇明县,1
6380,崇明县,1
6381,崇明县,1
6382,崇明县,1
6383,崇明县,1
6384,崇明县,1
6385,崇明县,1
6386,崇明县,1
6387,崇明县,1
6388,崇明县,1
6389,崇明县,1
6390,崇明县,1
6391,崇明县,1
6392,崇明县,1
6393,崇明县,1
6394,崇明县,1
6395,崇明县,1
6396,崇明县,1
6397,崇明县,1
6398,崇明县,1
6399,崇明县,1
6400,崇明县,1
6401,崇明县,1
6402,崇明县,1
6403,崇明县,1
6404,崇明县,1
6405,崇明县,1
6406,崇明县,1
6407,崇明县,1
6408,崇明县,1
6409,崇明县,1
6410,崇明县,1
6411,崇明县,1
6412,崇明县,1
6413,崇明县,1
6414,崇明县,1
6415,崇明县,1
6416,崇明县,1
6417,崇明县,1
6418,崇明县,1
6419,崇明县,1
6420,崇明县,1
6421,崇明县,1
6422,崇明县,1
6423,崇明县,1
6424,崇明县,1
6425,崇明县,1
6426,崇明县,1
6427,崇明县,1
6428,崇明县,1
6429,崇明县,1
6430,崇明县,1
6431,崇明县,1
6432,崇明县,1
6433,崇明县,1
6434,崇明县,1
6435,崇明县,1
6436,崇明县,1
6437,崇明县,1
6438,崇明县,1
6439,崇明县,1
6440,崇明县,1
6441,崇明县,1
6442,崇明县,1
6443,崇明县,1
6444,崇明县,1
6445,崇明县,1
6446,崇明县,1
6447,崇明县,1
6448,崇明县,1
6449,崇明县,1
6450,崇明县,1
6451,崇明县,1
6452,崇明县,1
6453,崇明县,1
6454,崇明县,1
6455,崇明县,1
6456,崇明县,1
6457,崇明县,1
6458,崇明县,1
6459,崇明县,1
6460,崇明县,1
6461,崇明县,1
6462,崇明县,1
6463,崇明县,1
6464,崇明县,1
6465,崇明县,1
6466,崇明县,1
6467,崇明县,1
6468,崇明县,1
6469,崇明县,1
6470,崇明县,1
6471,崇明县,1
6472,崇明县,1
6473,崇明县,1
6474,崇明县,1
6475,崇明县,1
6476,崇明县,1
6477,崇明县,1
6478,崇明县,1
6479,崇明县,1
6480,崇明县,1
6481,崇明县,1
6482,崇明县,1
6483,崇明县,1
6484,崇明县,1
6485,崇明县,1
6486,崇明县,1
6487,崇明县,1
6488,崇明县,1
6489,崇明县,1
6490,崇明县,1
6491,崇明县,1
6492,崇明县,1
6493,崇明县,1
6494,崇明县,1
6495,崇明县,1
6496,崇明县,1
6497,崇明县,1
6498,崇明县,1
6499,崇明县,1
6500,崇明县,1
6501,崇明县,1
6502,崇明县,1
6503,崇明县,1
6504,崇明县,1
6505,崇明县,1
6506,崇明县,1
6507,崇明县,1
6508,崇明县,1
6509,崇明县,1
6510,崇明县,1
6511,崇明县,1
6512,崇明县,1
6513,崇明县,1
6514,崇明县,1
6515,崇明县,1
6516,崇明县,1
6517,崇明县,1
6518,崇明县,1
6519,崇明县,1
6520,崇明县,1
6521,崇明县,1
6522,崇明县,1
6523,崇明县,1
6524,崇明县,1
6525,崇明县,1
6526,崇明县,1
6527,崇明县,1
6528,崇明县,1
6529,崇明县,1
6530,崇明县,1
6531,崇明县,1
6532,崇明县,1
6533,崇明县,1
6534,崇明县,1
6535,崇明县,1
6536,崇明县,1
6537,崇明县,1
6538,崇明县,1
6539,崇明县,1
6540,崇明县,1
6541,崇明县,1
6542,崇明县,1
6543,崇明县,1
6544,崇明县,1
6545,崇明县,1
6546,崇明县,1
6547,崇明县,1
6548,崇明县,1
6549,崇明县,1
6550,崇明县,1
6551,崇明县,1
6552,崇明县,1
6553,崇明县,1
6554,崇明县,1
6555,崇明县,1
6556,崇明县,1
6557,崇明县,1
6558,崇明县,1
6559,崇明县,1
6560,崇明县,1
6561,崇明县,1
6562,崇明县,1
6563,崇明县,1
6564,崇明县,1
6565,崇明县,1
6566,崇明县,1
6567,崇明县,1
6568,崇明县,1
6569,崇明县,1
6570,崇明县,1
6571,崇明县,1
6572,崇明县,1
6573,崇明县,1
6574,崇明县,1
6575,崇明县,1
6576,崇明县,1
6577,崇明县,1
6578,崇明县,1
6579,崇明县,1
6580,崇明县,1
6581,崇明县,1
6582,崇明县,1
6583,崇明县,1
6584,崇明县,1
6585,崇明县,1
6586,崇明县,1
6587,崇明县,1
6588,崇明县,1
6589,崇明县,1
6590,崇明县,1
6591,崇明县,1
6592,崇明县,1
6593,崇明县,1
6594,崇明县,1
6595,崇明县,1
6596,崇明县,1
6597,崇明县,1
6598,崇明县,1
6599,崇明县,1
6600,崇明县,1
6601,崇明县,1
6602,崇明县,1
6603,崇明县,1
6604,崇明县,1
6605,崇明县,1
6606,崇明县,1
6607,崇明县,1
6608,崇明县,1
6609,崇明县,1
6610,崇明县,1
6611,崇明县,1
6612,崇明县,1
6613,崇明县,1
6614,崇明县,1
6615,崇明县,1
6616,崇明县,1
6617,崇明县,1
6618,崇明县,1
6619,崇明县,1
6620,崇明县,1
6621,崇明县,1
6622,崇明县,1
6623,崇明县,1
6624,崇明县,1
6625,崇明县,1
6626,崇明县,1
6627,崇明县,1
6628,崇明县,1
6629,崇明县,1
6630,崇明县,1
6631,崇明县,1
6632,崇明县,1
6633,崇明县,1
6634,崇明县,1
6635,崇明县,1
6636,崇明县,1
6637,崇明县,1
6638,崇明县,1
6639,崇明县,1
6640,崇明县,1
6641,崇明县,1
6642,崇明县,1
6643,崇明县,1
6644,崇明县,1
6645,崇明县,1
6646,崇明县,1
6647,崇明县,1
6648,崇明县,1
6649,崇明县,1
6650,崇明县,1
6651,崇明县,1
6652,崇明县,1
6653,崇明县,1
6654,崇明县,1
6655,崇明县,1
6656,崇明县,1
6657,崇明县,1
6658,崇明县,1
6659,崇明县,1
6660,崇明县,1
6661,崇明县,1
6662,崇明县,1
6663,崇明县,1
6664,崇明县,1
6665,崇明县,1
6666,崇明县,1
6667,崇明县,1
6668,崇明县,1
6669,崇明县,1
6670,崇明县,1
6671,崇明县,1
6672,崇明县,1
6673,崇明县,1
6674,崇明县,1
6675,崇明县,1
6676,崇明县,1
6677,崇明县,1
6678,崇明县,1
6679,崇明县,1
6680,崇明县,1
6681,崇明县,1
6682,崇明县,1
6683,崇明县,1
6684,崇明县,1
6685,崇明县,1
6686,崇明县,1
6687,崇明县,1
6688,崇明县,1
6689,崇明县,1
6690,崇明县,1
6691,崇明县,1
6692,崇明县,1
6693,崇明县,1
6694,崇明县,1
6695,崇明县,1
6696,崇明县,1
6697,崇明县,1
6698,崇明县,1
6699,崇明县,1
6700,崇明县,1
6701,崇明县,1
6702,崇明县,1
6703,崇明县,1
6704,崇明县,1
6705,崇明县,1
6706,崇明县,1
6707,崇明县,1
6708,崇明县,1
6709,崇明县,1
6710,崇明县,1
6711,崇明县,1
6712,崇明县,1
6713,崇明县,1
6714,崇明县,1
6715,崇明县,1
6716,崇明县,1
6717,崇明县,1
6718,崇明县,1
6719,崇明县,1
6720,崇明县,1
6721,崇明县,1
6722,崇明县,1
6723,崇明县,1
6724,崇明县,1
6725,崇明县,1
6726,崇明县,1
6727,崇明县,1
6728,崇明县,1
6729,崇明县,1
6730,崇明县,1
6731,崇明县,1
6732,崇明县,1
6733,崇明县,1
6734,崇明县,1
6735,崇明县,1
6736,崇明县,1
6737,崇明县,1
6738,崇明县,1
6739,崇明县,1
6740,崇明县,1
6741,崇明县,1
6742,崇明县,1
6743,崇明县,1
6744,崇明县,1
6745,崇明县,1
6746,崇明县,1
6747,崇明县,1
6748,崇明县,1
6749,崇明县,1
6750,崇明县,1
6751,崇明县,1
6752,崇明县,1
6753,崇明县,1
6754,崇明县,1
6755,崇明县,1
6756,崇明县,1
6757,崇明县,1
6758,崇明县,1
6759,崇明县,1
6760,崇明县,1
6761,崇明县,1
6762,崇明县,1
6763,崇明县,1
6764,崇明县,1
6765,崇明县,1
6766,崇明县,1
6767,崇明县,1
6768,崇明县,1
6769,崇明县,1
6770,崇明县,1
6771,崇明县,1
6772,崇明县,1
6773,崇明县,1
6774,崇明县,1
6775,崇明县,1
6776,崇明县,1
6777,崇明县,1
6778,崇明县,1
6779,崇明县,1
6780,崇明县,1
6781,崇明县,1
6782,崇明县,1
6783,崇明县,1
6784,崇明县,1
6785,崇明县,1
6786,崇明县,1
6787,崇明县,1
6788,崇明县,1
6789,崇明县,1
6790,崇明县,1
6791,崇明县,1
6792,崇明县,1
6793,崇明县,1
6794,崇明县,1
6795,崇明县,1
6796,崇明县,1
6797,崇明县,1
6798,崇明县,1
6799,崇明县,1
6800,崇明县,1
6801,崇明县,1
6802,崇明县,1
6803,崇明县,1
6804,崇明县,1
6805,崇明县,1
6806,崇明县,1
6807,崇明县,1
6808,崇明县,1
6809,崇明县,1
6810,崇明县,1
6811,崇明县,1
6812,崇明县,1
6813,崇明县,1
6814,崇明县,1
6815,崇明县,1
6816,崇明县,1
6817,崇明县,1
6818,崇明县,1
6819,崇明县,1
6820,崇明县,1
6821,崇明县,1
6822,崇明县,1
6823,崇明县,1
6824,崇明县,1
6825,崇明县,1
6826,崇明县,1
6827,崇明县,1
6828,崇明县,1
6829,崇明县,1
6830,崇明县,1
6831,崇明县,1
6832,崇明县,1
6833,崇明县,1
6834,崇明县,1
6835,崇明县,1
6836,崇明县,1
6837,崇明县,1
6838,崇明县,1
6839,崇明县,1
6840,崇明县,1
6841,崇明县,1
6842,崇明县,1
6843,崇明县,1
6844,崇明县,1
6845,崇明县,1
6846,崇明县,1
6847,崇明县,1
6848,崇明县,1
6849,崇明县,1
6850,崇明县,1
6851,崇明县,1
6852,崇明县,1
6853,崇明县,1
6854,崇明县,1
6855,崇明县,1
6856,崇明县,1
6857,崇明县,1
6858,崇明县,1
6859,崇明县,1
6860,崇明县,1
6861,崇明县,1
6862,崇明县,1
6863,崇明县,1
6864,崇明县,1
6865,崇明县,1
6866,崇明县,1
6867,崇明县,1
6868,崇明县,1
6869,崇明县,1
6870,崇明县,1
6871,崇明县,1
6872,崇明县,1
6873,崇明县,1
6874,崇明县,1
6875,崇明县,1
6876,崇明县,1
6877,崇明县,1
6878,崇明县,1
6879,崇明县,1
6880,崇明县,1
6881,崇明县,1
6882,崇明县,1
6883,崇明县,1
6884,崇明县,1
6885,崇明县,1
6886,崇明县,1
6887,崇明县,1
6888,崇明县,1
6889,崇明县,1
6890,崇明县,1
6891,崇明县,1
6892,崇明县,1
6893,崇明县,1
6894,崇明县,1
6895,崇明县,1
6896,崇明县,1
6897,崇明县,1
6898,崇明县,1
6899,崇明县,1
6900,崇明县,1
6901,崇明县,1
6902,崇明县,1
6903,崇明县,1
6904,崇明县,1
6905,崇明县,1
6906,崇明县,1
6907,崇明县,1
6908,崇明县,1
6909,崇明县,1
6910,崇明县,1
6911,崇明县,1
6912,崇明县,1
6913,崇明县,1
6914,崇明县,1
6915,崇明县,1
6916,崇明县,1
6917,崇明县,1
6918,崇明县,1
6919,崇明县,1
6920,崇明县,1
6921,崇明县,1
6922,崇明县,1
6923,崇明县,1
6924,崇明县,1
6925,崇明县,1
6926,崇明县,1
6927,崇明县,1
6928,崇明县,1
6929,崇明县,1
6930,崇明县,1
6931,崇明县,1
6932,崇明县,1
6933,崇明县,1
6934,崇明县,1
6935,崇明县,1
6936,崇明县,1
6937,崇明县,1
6938,崇明县,1
6939,崇明县,1
6940,崇明县,1
6941,崇明县,1
6942,崇明县,1
6943,崇明县,1
6944,崇明县,1
6945,崇明县,1
6946,崇明县,1
6947,崇明县,1
6948,崇明县,1
6949,崇明县,1
6950,崇明县,1
6951,崇明县,1
6952,崇明县,1
6953,崇明县,1
6954,崇明县,1
6955,崇明县,1
6956,崇明县,1
6957,崇明县,1
6958,崇明县,1
6959,崇明县,1
6960,崇明县,1
6961,崇明县,1
6962,崇明县,1
6963,崇明县,1
6964,崇明县,1
6965,崇明县,1
6966,崇明县,1
6967,崇明县,1
6968,崇明县,1
6969,崇明县,1
6970,崇明县,1
6971,崇明县,1
6972,崇明县,1
6973,崇明县,1
6974,崇明县,1
6975,崇明县,1
6976,崇明县,1
6977,崇明县,1
6978,崇明县,1
6979,崇明县,1
6980,崇明县,1
6981,崇明县,1
6982,崇明县,1
6983,崇明县,1
6984,崇明县,1
6985,崇明县,1
6986,崇明县,1
6987,崇明县,1
6988,崇明县,1
6989,崇明县,1
6990,崇明县,1
6991,崇明县,1
6992,崇明县,1
6993,崇明县,1
6994,崇明县,1
6995,崇明县,1
6996,崇明县,1
6997,崇明县,1
6998,崇明县,1
6999,崇明县,1
7000,崇明县,1
7001,崇明县,1
7002,崇明县,1
7003,崇明县,1
7004,崇明县,1
7005,崇明县,1
7006,崇明县,1
7007,崇明县,1
7008,崇明县,1
7009,崇明县,1
7010,崇明县,1
7011,崇明县,1
7012,崇明县,1
7013,崇明县,1
7014,崇明县,1
7015,崇明县,1
7016,崇明县,1
7017,崇明县,1
7018,崇明县,1
7019,崇明县,1
7020,崇明县,1
7021,崇明县,1
7022,崇明县,1
7023,崇明县,1
7024,崇明县,1
7025,崇明县,1
7026,崇明县,1
7027,崇明县,1
7028,崇明县,1
7029,崇明县,1
7030,崇明县,1
7031,崇明县,1
7032,崇明县,1
7033,崇明县,1
7034,崇明县,1
7035,崇明县,1
7036,崇明县,1
7037,崇明县,1
7038,崇明县,1
7039,崇明县,1
7040,崇明县,1
7041,崇明县,1
7042,崇明县,1
7043,崇明县,1
7044,崇明县,1
7045,崇明县,1
7046,崇明县,1
7047,崇明县,1
7048,崇明县,1
7049,崇明县,1
7050,崇明县,1
7051,崇明县,1
7052,崇明县,1
7053,崇明县,1
7054,崇明县,1
7055,崇明县,1
7056,崇明县,1
7057,崇明县,1
7058,崇明县,1
7059,崇明县,1
7060,崇明县,1
7061,崇明县,1
7062,崇明县,1
7063,崇明县,1
7064,崇明县,1
7065,崇明县,1
7066,崇明县,1
7067,崇明县,1
7068,崇明县,1
7069,崇明县,1
7070,崇明县,1
7071,崇明县,1
7072,崇明县,1
7073,崇明县,1
7074,崇明县,1
7075,崇明县,1
7076,崇明县,1
7077,崇明县,1
7078,崇明县,1
7079,崇明县,1
7080,崇明县,1
7081,崇明县,1
7082,崇明县,1
7083,崇明县,1
7084,崇明县,1
7085,崇明县,1
7086,崇明县,1
7087,崇明县,1
7088,崇明县,1
7089,崇明县,1
7090,崇明县,1
7091,崇明县,1
7092,崇明县,1
7093,崇明县,1
7094,崇明县,1
7095,崇明县,1
7096,崇明县,1
7097,崇明县,1
7098,崇明县,1
7099,崇明县,1
7100,崇明县,1
7101,崇明县,1
7102,崇明县,1
7103,崇明县,1
7104,崇明县,1
7105,崇明县,1
7106,崇明县,1
7107,崇明县,1
7108,崇明县,1
7109,崇明县,1
7110,崇明县,1
7111,崇明县,1
7112,崇明县,1
7113,崇明县,1
7114,崇明县,1
7115,崇明县,1
7116,崇明县,1
7117,崇明县,1
7118,崇明县,1
7119,崇明县,1
7120,崇明县,1
7121,崇明县,1
7122,崇明县,1
7123,崇明县,1
7124,崇明县,1
7125,崇明县,1
7126,崇明县,1
7127,崇明县,1
7128,崇明县,1
7129,崇明县,1
7130,崇明县,1
7131,崇明县,1
7132,崇明县,1
7133,崇明县,1
7134,崇明县,1
7135,崇明县,1
7136,崇明县,1
7137,崇明县,1
7138,崇明县,1
7139,崇明县,1
7140,崇明县,1
7141,崇明县,1
7142,崇明县,1
7143,崇明县,1
7144,崇明县,1
7145,崇明县,1
7146,崇明县,1
7147,崇明县,1
7148,崇明县,1
7149,崇明县,1
7150,崇明县,1
7151,崇明县,1
7152,崇明县,1
7153,崇明县,1
7154,崇明县,1
7155,崇明县,1
7156,崇明县,1
7157,崇明县,1
7158,崇明县,1
7159,崇明县,1
7160,崇明县,1
7161,崇明县,1
7162,崇明县,1
7163,崇明县,1
7164,崇明县,1
7165,崇明县,1
7166,崇明县,1
7167,崇明县,1
7168,崇明县,1
7169,崇明县,1
7170,崇明县,1
7171,崇明县,1
7172,崇明县,1
7173,崇明县,1
7174,崇明县,1
7175,崇明县,1
7176,崇明县,1
7177,崇明县,1
7178,崇明县,1
7179,崇明县,1
7180,崇明县,1
7181,崇明县,1
7182,崇明县,1
7183,崇明县,1
7184,崇明县,1
7185,崇明县,1
7186,崇明县,1
7187,崇明县,1
7188,崇明县,1
7189,崇明县,1
7190,崇明县,1
7191,崇明县,1
7192,崇明县,1
7193,崇明县,1
7194,崇明县,1
7195,崇明县,1
7196,崇明县,1
7197,崇明县,1
7198,崇明县,1
7199,崇明县,1
7200,崇明县,1
7201,崇明县,1
7202,崇明县,1
7203,崇明县,1
7204,崇明县,1
7205,崇明县,1
7206,崇明县,1
7207,崇明县,1
7208,崇明县,1
7209,崇明县,1
7210,崇明县,1
7211,崇明县,1
7212,崇明县,1
7213,崇明县,1
7214,崇明县,1
7215,崇明县,1
7216,崇明县,1
7217,崇明县,1
7218,崇明县,1
7219,崇明县,1
7220,崇明县,1
7221,崇明县,1
7222,崇明县,1
7223,崇明县,1
7224,崇明县,1
7225,崇明县,1
7226,崇明县,1
7227,崇明县,1
7228,崇明县,1
7229,崇明县,1
7230,崇明县,1
7231,崇明县,1
7232,崇明县,1
7233,崇明县,1
7234,崇明县,1
7235,崇明县,1
7236,崇明县,1
7237,崇明县,1
7238,崇明县,1
7239,崇明县,1
7240,崇明县,1
7241,崇明县,1
7242,崇明县,1
7243,崇明县,1
7244,崇明县,1
7245,崇明县,1
7246,崇明县,1
7247,崇明县,1
7248,崇明县,1
7249,崇明县,1
7250,崇明县,1
7251,崇明县,1
7252,崇明县,1
7253,崇明县,1
7254,崇明县,1
7255,崇明县,1
7256,崇明县,1
7257,崇明县,1
7258,崇明县,1
7259,崇明县,1
7260,崇明县,1
7261,崇明县,1
7262,崇明县,1
7263,崇明县,1
7264,崇明县,1
7265,崇明县,1
7266,崇明县,1
7267,崇明县,1
7268,崇明县,1
7269,崇明县,1
7270,崇明县,1
7271,崇明县,1
7272,崇明县,1
7273,崇明县,1
7274,崇明县,1
7275,崇明县,1
7276,崇明县,1
7277,崇明县,1
7278,崇明县,1
7279,崇明县,1
7280,崇明县,1
7281,崇明县,1
7282,崇明县,1
7283,崇明县,1
7284,崇明县,1
7285,崇明县,1
7286,崇明县,1
7287,崇明县,1
7288,崇明县,1
7289,崇明县,1
7290,崇明县,1
7291,崇明县,1
7292,崇明县,1
7293,崇明县,1
7294,崇明县,1
7295,崇明县,1
